OTU_ID	ERR2811133	ERR2811134	ERR2811135	ERR2811137	ERR2811138	ERR2811139	ERR2811140	ERR2811141	ERR2811143	ERR2811144	ERR2811145	ERR2811146	ERR2811147
2c00bc14e2ad04dd35790b9d9525fdfc	1991.0	1583.0	1010.0	1646.0	1818.0	891.0	1410.0	0.0	492.0	19.0	76.0	14.0	59.0
de0328df9c333d6101572cd952e72b8d	1776.0	1469.0	892.0	1498.0	1691.0	721.0	1379.0	0.0	377.0	16.0	49.0	15.0	41.0
947257016f42f1d6cb66da164bc7f658	1728.0	1356.0	771.0	1328.0	1483.0	1214.0	1293.0	0.0	305.0	73.0	87.0	79.0	87.0
c13ec65ca307c3ae3408a69fe5c633c1	1036.0	856.0	562.0	939.0	1017.0	1451.0	862.0	62.0	301.0	51.0	0.0	40.0	0.0
81a647c1013d39656248bbf456583b6c	953.0	791.0	502.0	847.0	840.0	702.0	760.0	0.0	266.0	0.0	0.0	0.0	0.0
a701b221bfd3672b4be7c1fad63c0ccf	873.0	647.0	373.0	647.0	750.0	619.0	712.0	24.0	210.0	0.0	0.0	0.0	0.0
7b80b8d16f91f17da9d1bf5051cc3344	753.0	580.0	360.0	622.0	684.0	548.0	590.0	69.0	190.0	0.0	0.0	0.0	0.0
4e72938fc4f6068fb190849e21ace4b1	0.0	916.0	0.0	779.0	0.0	1225.0	845.0	0.0	470.0	0.0	21.0	0.0	0.0
ca1b37902d6bf9eecc47b3d5c003e2bf	0.0	903.0	0.0	769.0	0.0	1108.0	924.0	0.0	491.0	0.0	0.0	0.0	0.0
625f021de46aebef26bf92d0fb700eac	647.0	533.0	302.0	540.0	627.0	465.0	550.0	0.0	103.0	0.0	0.0	0.0	11.0
0a33f227bff1ca87576c7d9061eac9ad	610.0	473.0	336.0	535.0	562.0	451.0	494.0	0.0	150.0	0.0	0.0	0.0	0.0
1cb4e874798e9c9ba365c0c58191c134	42.0	552.0	182.0	293.0	54.0	725.0	540.0	0.0	202.0	0.0	0.0	45.0	0.0
4949e093a02afd305892a89fb041fdbf	0.0	501.0	42.0	436.0	0.0	683.0	467.0	0.0	329.0	0.0	0.0	0.0	16.0
9eb2f7eb4d13a0e95e7caa6ff5bff60d	0.0	521.0	0.0	434.0	10.0	607.0	547.0	0.0	343.0	0.0	0.0	33.0	0.0
902c6b51bd7d72b4bf479319a6406a1f	432.0	0.0	1686.0	0.0	737.0	0.0	0.0	0.0	0.0	21.0	0.0	0.0	0.0
59bd121d0781fe3d153cc407d1b45df9	386.0	352.0	186.0	369.0	370.0	273.0	346.0	0.0	83.0	0.0	0.0	0.0	0.0
bf7697a2ea55651e6c547737ff71ffdd	442.0	0.0	1540.0	0.0	831.0	0.0	0.0	0.0	0.0	20.0	0.0	0.0	0.0
e26efb9852316a7fa56e3355a99a13f9	352.0	260.0	168.0	358.0	329.0	265.0	306.0	0.0	60.0	0.0	0.0	0.0	0.0
a0f5ea820913d339b1415c3eeb7543e3	85.0	304.0	157.0	451.0	83.0	406.0	304.0	0.0	281.0	0.0	0.0	0.0	0.0
b42bf162a36cd6b4ac00dace618f5248	298.0	43.0	1270.0	33.0	454.0	98.0	92.0	0.0	49.0	0.0	0.0	0.0	0.0
cda2f1f79d88540cb657113a7cca1b31	31.0	239.0	141.0	334.0	44.0	361.0	347.0	0.0	138.0	0.0	58.0	0.0	0.0
ebfa36f4238785bf57019e1f25b84d9c	150.0	38.0	626.0	29.0	292.0	41.0	41.0	0.0	31.0	0.0	0.0	0.0	0.0
0b2f03c0e343d69aa7ccc7b7c0c4fa00	157.0	32.0	542.0	64.0	242.0	57.0	39.0	0.0	74.0	0.0	0.0	0.0	0.0
e19e935c7d6b72df82dd6d656dbbadf2	9.0	0.0	0.0	0.0	0.0	0.0	0.0	0.0	0.0	0.0	850.0	850.0	0.0
c09e5ca57b80f34312431ee317f07c98	0.0	0.0	0.0	0.0	0.0	0.0	0.0	0.0	62.0	19.0	620.0	573.0	321.0
1086261388fcbc43b4a7d76f6aafb282	16.0	0.0	0.0	0.0	0.0	10.0	11.0	0.0	0.0	0.0	699.0	619.0	95.0
8b74fe76565c4b69c9e351426e921863	0.0	0.0	0.0	0.0	0.0	0.0	0.0	130.0	74.0	50.0	538.0	452.0	210.0
e898feaf76721d515707dc9be079dd19	0.0	0.0	0.0	0.0	0.0	0.0	0.0	926.0	0.0	0.0	0.0	0.0	0.0
b7883715f27c28bf10464903a85ae569	0.0	0.0	0.0	0.0	0.0	0.0	0.0	874.0	0.0	10.0	0.0	0.0	0.0
14d902a3d127f1f3424c48e49acbf4de	0.0	0.0	0.0	0.0	1.0	0.0	0.0	946.0	0.0	0.0	0.0	0.0	0.0
decc2580c2f6eccfe82ab177bbe5851b	0.0	0.0	0.0	0.0	0.0	0.0	0.0	74.0	332.0	169.0	98.0	117.0	378.0
1659c9bc550780490d4c266e184f8657	0.0	0.0	0.0	0.0	0.0	3.0	0.0	0.0	135.0	785.0	34.0	0.0	154.0
0b20d07e0af5274a1d1c076b212dd084	0.0	5.0	0.0	0.0	0.0	0.0	0.0	0.0	120.0	809.0	0.0	0.0	140.0
94c442129318187fae189577519389ae	0.0	0.0	0.0	0.0	0.0	0.0	10.0	0.0	0.0	0.0	475.0	760.0	0.0
1a6889aeadd50248745cba6e3a858e99	0.0	0.0	0.0	6.0	9.0	0.0	0.0	0.0	311.0	222.0	85.0	65.0	458.0
5788631121662c39c2e60fb1896f65b7	0.0	0.0	0.0	0.0	3.0	0.0	0.0	0.0	29.0	42.0	444.0	391.0	218.0
c3819ecf42f2aaaff5747a12a46f6e12	4.0	0.0	0.0	0.0	0.0	0.0	0.0	0.0	431.0	169.0	94.0	58.0	280.0
6caca7c269d0174685ca65cc22ba2e19	0.0	0.0	0.0	0.0	0.0	0.0	0.0	0.0	0.0	0.0	641.0	528.0	0.0
0d177a41b4bd2434d0b939b1807b97b3	0.0	0.0	0.0	0.0	0.0	0.0	0.0	605.0	109.0	28.0	0.0	0.0	107.0
dafe6826b163cd54f486bf938a611e3d	0.0	0.0	0.0	0.0	0.0	0.0	0.0	820.0	0.0	0.0	0.0	0.0	0.0
56885cfc7bef1f5c54e76e4f11c10113	0.0	0.0	0.0	0.0	0.0	0.0	2.0	0.0	215.0	624.0	0.0	0.0	113.0
de058aaa024c57069403a4c7b4fc73cf	177.0	12.0	339.0	9.0	18.0	19.0	11.0	0.0	0.0	0.0	0.0	0.0	0.0
3277565e235153c30148e8a98ebb8038	0.0	0.0	0.0	0.0	0.0	0.0	0.0	0.0	142.0	563.0	0.0	16.0	175.0
74c501d54813a4e5735b8cf9b5886f19	0.0	0.0	0.0	0.0	8.0	10.0	0.0	0.0	0.0	0.0	515.0	466.0	0.0
144d2a88e8bcf053277337313e0c9565	0.0	0.0	0.0	0.0	0.0	0.0	0.0	0.0	152.0	532.0	0.0	0.0	124.0
1765c6314d10b519c27100488ab703f5	0.0	0.0	0.0	0.0	0.0	0.0	0.0	0.0	308.0	184.0	42.0	91.0	277.0
71e02f83bec58eff05415d8595e24136	0.0	3.0	0.0	0.0	0.0	0.0	0.0	0.0	119.0	607.0	0.0	0.0	120.0
f13cd67108b80c81cf9ee61621af7b4f	0.0	6.0	0.0	0.0	0.0	0.0	0.0	0.0	355.0	123.0	82.0	44.0	177.0
8391a49edc8d9265566206b889817572	0.0	0.0	27.0	0.0	7.0	0.0	0.0	64.0	51.0	43.0	180.0	340.0	108.0
945dcae2fbb2c97340a20050134b3f58	0.0	0.0	0.0	0.0	0.0	0.0	0.0	0.0	35.0	74.0	406.0	356.0	0.0
d81b5a9bf2b99c7d0f8f7bf239402f50	0.0	0.0	0.0	0.0	0.0	4.0	0.0	611.0	0.0	0.0	0.0	0.0	0.0
d0e2c6f8abd0673c8227bb9c3bd89ed0	0.0	0.0	0.0	0.0	0.0	0.0	0.0	9.0	93.0	537.0	0.0	0.0	91.0
71a0508480b32fb8eef9161b71dabef0	0.0	0.0	0.0	0.0	0.0	0.0	0.0	632.0	12.0	0.0	0.0	0.0	0.0
259a4f4c1c78d8d99de8dc8737da247d	0.0	0.0	0.0	0.0	0.0	0.0	5.0	0.0	27.0	67.0	271.0	247.0	158.0
382b4d84585ad3cd44f29d9603a4af94	0.0	0.0	0.0	0.0	0.0	0.0	0.0	0.0	223.0	111.0	58.0	85.0	217.0
dc5df796c40e632f75b163d2936e8433	0.0	0.0	0.0	0.0	0.0	0.0	0.0	0.0	70.0	480.0	0.0	0.0	119.0
6e0f8095b3ace240b016f6e6071cbe24	0.0	0.0	0.0	2.0	0.0	0.0	0.0	46.0	134.0	116.0	129.0	134.0	171.0
357b6d49ddee3bc6f0ddcf3390e2a1b3	0.0	8.0	0.0	0.0	0.0	0.0	8.0	0.0	199.0	129.0	67.0	53.0	220.0
e40637052646907e1a306ac129f06e1c	0.0	0.0	0.0	0.0	0.0	0.0	0.0	0.0	0.0	0.0	233.0	465.0	58.0
5f4e56808f77c511cc92816037cc52b9	0.0	0.0	0.0	0.0	0.0	0.0	0.0	507.0	0.0	0.0	15.0	0.0	0.0
345abd51d43d31f5ec1bc0302c26fb99	5.0	0.0	0.0	0.0	0.0	0.0	7.0	502.0	0.0	0.0	0.0	5.0	0.0
49d69fd09d84751c79e3e78a4f23a3c7	0.0	0.0	0.0	0.0	0.0	0.0	0.0	104.0	89.0	114.0	112.0	99.0	126.0
64a263a08a10b0f70be59cf2c7f29d24	3.0	0.0	0.0	7.0	0.0	0.0	0.0	486.0	0.0	0.0	0.0	0.0	0.0
1e9ac34db5161d23621479119838c7f9	5.0	0.0	0.0	0.0	0.0	0.0	0.0	0.0	67.0	434.0	0.0	0.0	87.0
aafc08f884cdeb015574ef67b76372b3	0.0	0.0	0.0	3.0	0.0	0.0	0.0	0.0	28.0	29.0	205.0	205.0	110.0
7b2c87e4a22b2cce58f280334613283f	0.0	0.0	0.0	0.0	0.0	0.0	0.0	82.0	102.0	163.0	95.0	82.0	71.0
5f837385ac7be6d4695ead4f1a05703c	0.0	0.0	0.0	0.0	12.0	0.0	0.0	0.0	0.0	0.0	338.0	283.0	0.0
486c37de56710b82c34fcef16dbb51ee	0.0	0.0	0.0	0.0	2.0	0.0	0.0	0.0	82.0	370.0	22.0	0.0	78.0
357a6d11f259133e764360857bf80ca8	0.0	0.0	0.0	0.0	0.0	0.0	0.0	283.0	0.0	68.0	75.0	0.0	69.0
27fc737951ca001946c3c3a3ed6e571f	0.0	0.0	0.0	0.0	0.0	0.0	0.0	12.0	0.0	18.0	187.0	266.0	95.0
a6877ca295727c9090f918e953ef483e	0.0	0.0	0.0	0.0	0.0	0.0	0.0	69.0	93.0	164.0	42.0	78.0	65.0
544ea52cf86ac2dff70488b3af04707f	0.0	0.0	0.0	0.0	0.0	0.0	4.0	331.0	0.0	23.0	31.0	9.0	0.0
8a587a3834ab718678e2276560318c7c	0.0	0.0	0.0	0.0	0.0	0.0	0.0	193.0	0.0	0.0	90.0	75.0	115.0
ab52a3883f0ca7bc1048b64def828b99	0.0	0.0	0.0	0.0	0.0	0.0	0.0	188.0	0.0	0.0	73.0	64.0	72.0
caed62bfd60712c4025b966a248e187a	0.0	0.0	0.0	0.0	0.0	0.0	0.0	0.0	116.0	44.0	57.0	32.0	216.0
e468a03b4bb64a6530a0d5d5e4c73e8e	0.0	0.0	0.0	2.0	0.0	0.0	0.0	0.0	56.0	166.0	0.0	0.0	150.0
481daef4655ad43396f4c70a78b36f95	0.0	0.0	0.0	0.0	0.0	0.0	0.0	0.0	109.0	58.0	96.0	93.0	103.0
10414bb79cdf9671d0d5ecea72e9a7d3	0.0	0.0	0.0	0.0	0.0	0.0	0.0	0.0	168.0	74.0	41.0	24.0	132.0
b4426f16849a6774446804924fc389d7	0.0	0.0	0.0	0.0	0.0	0.0	0.0	86.0	78.0	23.0	45.0	82.0	134.0
1bba0ed74637b0125d3fe97f167aa482	0.0	0.0	0.0	0.0	0.0	0.0	0.0	209.0	0.0	0.0	43.0	56.0	56.0
7ec795a23b2751da6e06023e00a3f9a1	0.0	0.0	0.0	0.0	0.0	0.0	0.0	0.0	67.0	50.0	36.0	68.0	122.0
627f3fff56d097951c15175b5e0b7cc7	0.0	0.0	0.0	0.0	0.0	0.0	0.0	0.0	127.0	61.0	54.0	0.0	142.0
cdd69e91d0316e42329661a8b9493ba0	26.0	0.0	266.0	0.0	0.0	7.0	13.0	0.0	0.0	0.0	0.0	0.0	0.0
a45f7844fe1271c02ad9bb48c2cbeb4a	0.0	0.0	0.0	0.0	0.0	0.0	0.0	125.0	0.0	0.0	65.0	78.0	29.0
1d46fbcf3282fa3844dfae7798e380d3	0.0	0.0	0.0	0.0	0.0	0.0	7.0	285.0	0.0	0.0	0.0	0.0	8.0
da56fc5658c8126b7179155ba41e2950	0.0	0.0	0.0	0.0	0.0	0.0	0.0	32.0	54.0	38.0	90.0	53.0	94.0
56fea8f39be6bc85394c0abad31e3aa8	0.0	0.0	0.0	0.0	0.0	0.0	0.0	0.0	46.0	22.0	38.0	49.0	154.0
d4480ae6d41a029e96d78a94b1e90c95	0.0	0.0	0.0	0.0	0.0	0.0	0.0	0.0	30.0	65.0	11.0	0.0	128.0
1afade5844cf0c13bcfc89af31327ac2	0.0	0.0	0.0	0.0	0.0	0.0	0.0	99.0	43.0	47.0	31.0	33.0	0.0
7fcb26f765c4c6e58c9f271a59b50752	0.0	0.0	0.0	0.0	0.0	0.0	0.0	63.0	123.0	81.0	0.0	0.0	0.0
fba5218b5df266863ff98faea6ec25b6	0.0	0.0	0.0	0.0	0.0	0.0	0.0	0.0	71.0	19.0	84.0	0.0	157.0
a67d9093f6b1849c94b05fa053ddf6dc	0.0	0.0	0.0	0.0	0.0	0.0	0.0	0.0	0.0	63.0	94.0	97.0	43.0
c34cc2d9cb085443576f2c9108d96f7f	0.0	0.0	0.0	0.0	0.0	1.0	0.0	0.0	0.0	96.0	0.0	0.0	103.0
eb45749791611fc398980f9059b46b2f	0.0	0.0	0.0	0.0	0.0	0.0	0.0	0.0	0.0	0.0	86.0	113.0	124.0
15ebe0424599640bb9b7898ae6c5ad02	0.0	0.0	0.0	0.0	0.0	0.0	0.0	0.0	201.0	69.0	0.0	0.0	51.0
340105c295a60ed9b6be678c9df300f7	0.0	0.0	0.0	0.0	0.0	0.0	0.0	33.0	0.0	22.0	67.0	63.0	86.0
d8d22be571867267ff38e9047d20d803	0.0	0.0	0.0	0.0	0.0	0.0	0.0	0.0	0.0	26.0	85.0	134.0	49.0
26825d9c338fcd650b20a3baf44fcc05	0.0	0.0	0.0	0.0	0.0	0.0	0.0	13.0	0.0	13.0	87.0	96.0	90.0
c06a626ea82a335d9a7219c896ef262a	0.0	0.0	0.0	0.0	0.0	0.0	0.0	61.0	100.0	35.0	29.0	0.0	34.0
bed4ac7992ab64335f423d5ba896f6fd	0.0	0.0	0.0	0.0	0.0	0.0	0.0	0.0	0.0	0.0	78.0	92.0	48.0
46bdf987234c92f1dd5b2f44b29c52d6	0.0	0.0	0.0	0.0	0.0	0.0	0.0	0.0	0.0	25.0	0.0	0.0	142.0
6fdb5c55bc77228d7ab994368395a5cc	0.0	0.0	8.0	0.0	0.0	0.0	0.0	0.0	0.0	63.0	69.0	100.0	19.0
f94c6b8cccccfbb5d87c1b15bedc891e	0.0	0.0	0.0	0.0	7.0	0.0	0.0	0.0	66.0	36.0	54.0	0.0	84.0
2d281dfd1368300e5d027708203f785b	0.0	0.0	0.0	0.0	0.0	0.0	0.0	0.0	60.0	157.0	34.0	29.0	0.0
5e00314ac661fdb3f1386b839240f282	0.0	0.0	0.0	0.0	0.0	0.0	0.0	116.0	0.0	0.0	93.0	35.0	24.0
9e83d3b5f3f26b13b7f249d303f6bfdb	0.0	0.0	0.0	0.0	0.0	0.0	0.0	95.0	0.0	0.0	0.0	73.0	105.0
60daefdcb7803cf6df27ecc82d31c8a2	0.0	0.0	0.0	0.0	0.0	0.0	0.0	0.0	40.0	98.0	0.0	0.0	182.0
13ff181f488a21d4890263658432d220	0.0	0.0	0.0	0.0	0.0	0.0	0.0	0.0	96.0	32.0	84.0	60.0	55.0
debadd1726effb977ae01a50a58fcc90	0.0	0.0	0.0	0.0	0.0	0.0	0.0	25.0	0.0	51.0	88.0	45.0	0.0
69548020f1edaec00ef26b076dd77d35	0.0	0.0	0.0	0.0	0.0	0.0	0.0	0.0	0.0	0.0	69.0	69.0	65.0
20ca3dbaabeb5f34e73a4e8ad7e1911c	0.0	0.0	0.0	0.0	0.0	0.0	0.0	0.0	0.0	0.0	81.0	67.0	101.0
212b8b75d566d15d4f3a68b3fe645c29	0.0	0.0	0.0	0.0	0.0	0.0	0.0	0.0	0.0	19.0	40.0	25.0	103.0
4d6320e28a74c244cf45d26e44c6a3b7	0.0	0.0	0.0	0.0	0.0	0.0	0.0	0.0	0.0	0.0	115.0	91.0	0.0
6650a41d375f666e14eb125ec87d5396	0.0	0.0	0.0	0.0	0.0	0.0	0.0	34.0	75.0	90.0	14.0	51.0	0.0
b9fa550df8175bf217433116a39c5fde	0.0	0.0	0.0	0.0	0.0	0.0	0.0	0.0	0.0	0.0	50.0	35.0	98.0
1cb5744363ec4ea9f89cde911eaf5ce1	0.0	7.0	70.0	0.0	0.0	0.0	0.0	0.0	0.0	0.0	0.0	34.0	0.0
12284f1f8ee71ed3e86b1fa9dac00952	0.0	0.0	0.0	0.0	0.0	0.0	0.0	32.0	24.0	16.0	22.0	51.0	41.0
03232d06d28c5122e09dff22bba147d5	0.0	0.0	0.0	0.0	0.0	0.0	0.0	0.0	56.0	0.0	90.0	115.0	0.0
84508b0f47c7e265a0dac2f4f55153f6	0.0	0.0	0.0	0.0	0.0	0.0	0.0	0.0	0.0	0.0	71.0	83.0	58.0
6f05a824901c08e92b2dc6c28ae17824	0.0	0.0	0.0	0.0	0.0	0.0	0.0	26.0	11.0	7.0	29.0	19.0	125.0
2bb528324a182bfc8694cab97980d88e	0.0	0.0	0.0	0.0	0.0	0.0	0.0	0.0	0.0	0.0	114.0	45.0	0.0
a19d3e39e6a8e441fbb8b6cba4563888	0.0	0.0	0.0	0.0	0.0	0.0	0.0	66.0	38.0	23.0	29.0	28.0	0.0
40d4b3ef062f7b14794db00ab2b9846a	0.0	0.0	0.0	0.0	0.0	0.0	0.0	0.0	12.0	10.0	29.0	32.0	109.0
aaf82aae276c7ab565cd53677c92bfda	0.0	0.0	0.0	0.0	0.0	0.0	0.0	0.0	0.0	45.0	0.0	75.0	49.0
44573b0c8ddc1e6cde71e3e8f5ea73fb	0.0	0.0	0.0	0.0	0.0	0.0	0.0	0.0	37.0	57.0	0.0	0.0	80.0
935144dfd489213f677a331d8a562ae6	0.0	0.0	49.0	0.0	0.0	0.0	0.0	0.0	0.0	0.0	0.0	0.0	0.0
02a658a634891276a787cb48f34baa20	0.0	0.0	0.0	0.0	0.0	0.0	0.0	0.0	0.0	0.0	39.0	88.0	91.0
23422887f5b7a2be97246817a3db9d33	0.0	0.0	0.0	0.0	0.0	0.0	0.0	0.0	0.0	0.0	27.0	0.0	115.0
df5b77d85e24267f1f8b16735ec0fa16	0.0	0.0	0.0	0.0	0.0	0.0	0.0	0.0	42.0	53.0	0.0	49.0	64.0
096a992bab7174540b624d1e0fd09f4a	0.0	0.0	0.0	0.0	0.0	0.0	0.0	0.0	0.0	0.0	56.0	76.0	0.0
4d721132bff00b369f5315e223326cd1	0.0	0.0	0.0	0.0	0.0	0.0	0.0	0.0	0.0	6.0	34.0	67.0	31.0
e33b8a39711ab02f7aa3eb0a0b7f9bf5	0.0	0.0	0.0	0.0	0.0	0.0	0.0	0.0	0.0	0.0	24.0	58.0	81.0
daa6f3b4d5b37b45977abb58bbe02b8c	0.0	0.0	0.0	0.0	0.0	0.0	0.0	0.0	0.0	66.0	29.0	36.0	45.0
361db93831d5183891e3f5375f727993	0.0	0.0	0.0	0.0	0.0	0.0	0.0	0.0	0.0	67.0	70.0	25.0	0.0
36a22b6d83868a049ced5b22e529cd18	0.0	0.0	0.0	0.0	0.0	0.0	0.0	0.0	53.0	41.0	48.0	38.0	0.0
0328b09ea9a6fa01f0ae51cacf7a1ace	0.0	0.0	0.0	0.0	0.0	0.0	0.0	0.0	0.0	0.0	95.0	85.0	0.0
1eb4de2398678052ef3e214d4a4b63a8	0.0	0.0	0.0	0.0	0.0	0.0	0.0	0.0	0.0	0.0	59.0	0.0	89.0
91a11e4bade05589daa7dfe9b4d5d70c	0.0	0.0	0.0	0.0	0.0	0.0	0.0	0.0	57.0	69.0	0.0	0.0	37.0
498c09a35b3fd60ca9cee4d4485b42cc	0.0	0.0	0.0	0.0	0.0	0.0	0.0	0.0	16.0	6.0	17.0	22.0	55.0
a67167f52e9e239bd4dcd585087a9e8e	0.0	0.0	0.0	0.0	0.0	0.0	0.0	102.0	46.0	47.0	0.0	0.0	0.0
a72260e4490a7612e83323bf661a5ce8	0.0	0.0	0.0	0.0	0.0	0.0	0.0	57.0	7.0	15.0	16.0	11.0	13.0
14b3db67a8bc853935cc629b0b43561b	5.0	0.0	0.0	0.0	0.0	0.0	0.0	0.0	13.0	0.0	30.0	55.0	20.0
d4c9dea49584744a084a76f52aa00d8d	0.0	0.0	0.0	0.0	0.0	0.0	0.0	0.0	0.0	0.0	54.0	38.0	0.0
6623bbe224d78533b68bcfeff1564a26	0.0	0.0	0.0	0.0	0.0	0.0	0.0	76.0	0.0	0.0	53.0	0.0	0.0
df04beaf4feca3deebd73357774c229c	0.0	0.0	0.0	0.0	0.0	0.0	0.0	31.0	43.0	43.0	0.0	0.0	43.0
edf13066861699fcc2a6e2467260ac3d	0.0	0.0	0.0	0.0	0.0	0.0	0.0	58.0	6.0	20.0	12.0	12.0	8.0
77c93f076a4847cbe05fc84e58f68ef9	0.0	0.0	0.0	0.0	0.0	0.0	0.0	0.0	0.0	0.0	0.0	0.0	106.0
76fc3a5d8ec57df6dea4c54cb2554834	0.0	0.0	0.0	0.0	0.0	0.0	4.0	0.0	0.0	0.0	27.0	40.0	40.0
5eea278f4aced508f8a51ce842ae3610	0.0	0.0	0.0	0.0	0.0	0.0	0.0	0.0	0.0	36.0	0.0	0.0	62.0
bcfdabd3ffcf81a7a7e0609290468d5b	0.0	0.0	0.0	3.0	0.0	2.0	0.0	0.0	0.0	0.0	25.0	54.0	51.0
b2468bd79d148eb3553847c24745b2a5	0.0	0.0	0.0	0.0	0.0	0.0	0.0	85.0	0.0	0.0	0.0	0.0	0.0
f16cfcb8b845c84d0fff9a91c4cb5a8d	0.0	0.0	0.0	0.0	0.0	0.0	0.0	36.0	0.0	4.0	20.0	23.0	21.0
6afea840cc548c33af3716b9731b3b0e	0.0	0.0	0.0	0.0	0.0	0.0	0.0	0.0	0.0	0.0	38.0	17.0	59.0
3db9aa661c14c8cf7ac75c4dc3482365	0.0	0.0	0.0	0.0	0.0	0.0	0.0	0.0	0.0	50.0	0.0	0.0	38.0
b2e242a030b0aedc2c097f328ed38a1a	0.0	0.0	0.0	0.0	0.0	0.0	0.0	31.0	13.0	10.0	11.0	20.0	17.0
23e17f58aeaab6c2906522857ad173c2	0.0	0.0	0.0	0.0	0.0	0.0	0.0	0.0	44.0	30.0	18.0	0.0	33.0
0d8bfb4824988d6b481bee057c237f16	0.0	0.0	0.0	0.0	0.0	0.0	0.0	0.0	37.0	0.0	0.0	47.0	0.0
b80f4659bf064cd97526d50ace56448e	0.0	0.0	0.0	0.0	0.0	0.0	0.0	23.0	11.0	17.0	15.0	17.0	17.0
e0fb46621b77bc0442a0d936406013ea	0.0	0.0	0.0	0.0	0.0	0.0	0.0	0.0	0.0	48.0	0.0	0.0	33.0
344adffaa49e5d28bb6b6335f858e4dd	0.0	0.0	0.0	0.0	0.0	0.0	0.0	0.0	0.0	29.0	0.0	0.0	37.0
123b68770005e66cd248de0d1d6d18d4	0.0	0.0	0.0	0.0	0.0	0.0	0.0	0.0	0.0	0.0	0.0	16.0	40.0
99232e555a82d142cdb9cbbbf294287d	0.0	0.0	0.0	0.0	0.0	0.0	0.0	0.0	0.0	0.0	43.0	0.0	0.0
5bc5970dbcee21c4b1220e6b197f00b0	0.0	0.0	0.0	0.0	0.0	0.0	0.0	82.0	0.0	0.0	55.0	0.0	0.0
3e4a3e70c4c7e38ff1c0f4058388bd94	0.0	0.0	0.0	0.0	0.0	0.0	0.0	0.0	0.0	48.0	0.0	0.0	0.0
cdf5f35f82ca8e2de6ee2ed2472bbe72	0.0	0.0	0.0	0.0	0.0	0.0	0.0	0.0	0.0	0.0	51.0	0.0	67.0
039b9eb361818385bc36f6c429086eb5	0.0	0.0	0.0	0.0	0.0	0.0	0.0	0.0	0.0	0.0	0.0	61.0	0.0
aa9ef7f8503dfecdc7fb67e0f3670da3	0.0	0.0	0.0	0.0	0.0	0.0	0.0	0.0	45.0	0.0	0.0	72.0	0.0
40a5f209b467defba05fcd2c58e9463f	0.0	0.0	0.0	1.0	0.0	0.0	0.0	0.0	0.0	16.0	0.0	35.0	14.0
b68ecbd44fad9143b52e4d797985a1e8	0.0	0.0	0.0	0.0	0.0	0.0	0.0	0.0	0.0	44.0	0.0	18.0	22.0
b827c703db191f97755f0760a4d0da71	0.0	0.0	0.0	0.0	0.0	0.0	0.0	0.0	30.0	0.0	57.0	0.0	0.0
65d8d90dcdf86afc1c7e800e4c1a399d	0.0	0.0	0.0	0.0	0.0	0.0	0.0	0.0	0.0	42.0	0.0	0.0	58.0
0309d8d8f517aba3e4d7d8911c67cf10	0.0	0.0	0.0	0.0	0.0	0.0	0.0	0.0	0.0	30.0	0.0	22.0	0.0
3826dac96361c3d41b976f422d858f7e	0.0	0.0	69.0	0.0	0.0	0.0	0.0	0.0	0.0	0.0	0.0	0.0	0.0
ed276e9b5af00037321119cb29bfb9c4	0.0	0.0	0.0	0.0	0.0	0.0	0.0	0.0	46.0	18.0	5.0	0.0	20.0
a790df869148fde892373281304cb4d6	0.0	0.0	0.0	0.0	0.0	0.0	0.0	20.0	0.0	0.0	0.0	0.0	54.0
f6d240fd160d0b8355786414c53ac511	0.0	0.0	0.0	0.0	0.0	0.0	26.0	0.0	0.0	0.0	0.0	0.0	0.0
a236ad7c72cf39f7a81649b98cb67a29	0.0	0.0	0.0	0.0	0.0	0.0	0.0	62.0	0.0	0.0	0.0	0.0	0.0
82d680181bc8e8fefffc48d6c7efa413	0.0	0.0	0.0	0.0	0.0	0.0	0.0	0.0	0.0	34.0	0.0	0.0	35.0
d2977e26db26f83f645fc0e8011f388b	0.0	0.0	0.0	0.0	0.0	0.0	0.0	65.0	0.0	0.0	0.0	41.0	0.0
a1fed71f00d4007a1cfd15940ab9a230	0.0	0.0	0.0	0.0	0.0	0.0	0.0	0.0	0.0	89.0	0.0	0.0	0.0
6121100ffe6133bdd45ffce07e089c77	0.0	0.0	0.0	0.0	0.0	0.0	0.0	0.0	0.0	83.0	0.0	0.0	0.0
66e65b168281002b4d6714e8a7453d10	0.0	0.0	0.0	0.0	0.0	0.0	0.0	0.0	0.0	0.0	0.0	45.0	0.0
733b4417c25553ff61108532e0cec7c5	0.0	0.0	0.0	0.0	0.0	0.0	0.0	0.0	54.0	33.0	0.0	0.0	0.0
a305358d2d31031e4c3db17bc8ef9ea8	0.0	0.0	0.0	0.0	0.0	0.0	0.0	0.0	0.0	52.0	19.0	0.0	0.0
9e00e84e4ba42833355239d6bfc2858f	0.0	0.0	0.0	0.0	0.0	0.0	0.0	10.0	36.0	0.0	0.0	0.0	0.0
4c57237c0cb8e94220fc0e0363e26d6c	0.0	0.0	0.0	0.0	0.0	0.0	0.0	0.0	0.0	0.0	83.0	0.0	0.0
8cfe5d8c856e1b82c603d4ac347e5a2a	0.0	0.0	0.0	0.0	0.0	0.0	0.0	0.0	0.0	72.0	0.0	0.0	18.0
98ecf029755450a03787de436ff7ae99	0.0	0.0	0.0	0.0	0.0	0.0	0.0	111.0	0.0	0.0	0.0	0.0	0.0
d9785aa02866d1975939fe9b9416f6e9	1.0	0.0	0.0	0.0	0.0	0.0	0.0	0.0	0.0	0.0	0.0	23.0	35.0
fa8b8d137b30b336d5facacf7f7aebc7	0.0	0.0	0.0	0.0	0.0	0.0	0.0	39.0	0.0	0.0	0.0	50.0	0.0
00c8fb8b76c4ec966e09906af3d575ea	0.0	0.0	0.0	0.0	0.0	0.0	0.0	56.0	0.0	0.0	0.0	0.0	0.0
9b1542e21b1c73244197ccf5156c3c66	0.0	0.0	0.0	0.0	0.0	0.0	0.0	0.0	0.0	0.0	33.0	0.0	0.0
b3790d05a38b638888f3aa956ba741b6	0.0	0.0	0.0	0.0	0.0	0.0	0.0	0.0	0.0	63.0	0.0	0.0	0.0
34de842b1d7e6f7864bad5a73d589ceb	0.0	0.0	0.0	0.0	0.0	0.0	0.0	0.0	0.0	0.0	0.0	0.0	90.0
9602e2cd0e012b23bab32972024067f5	0.0	0.0	0.0	0.0	7.0	1.0	0.0	0.0	0.0	0.0	0.0	0.0	15.0
536d0343bd2e687ad9b5bd2700f58414	0.0	0.0	0.0	0.0	0.0	0.0	0.0	0.0	0.0	0.0	27.0	0.0	48.0
719e3d5ae04270d69194a63e997d00f4	0.0	0.0	0.0	0.0	0.0	0.0	0.0	0.0	0.0	0.0	0.0	0.0	92.0
845dcaa622adf897d2e4a60e9b13b570	0.0	0.0	0.0	0.0	0.0	0.0	0.0	0.0	0.0	0.0	0.0	0.0	89.0
84e5cc986c9a1386c2320909f51d5ad3	0.0	0.0	0.0	0.0	0.0	0.0	0.0	0.0	0.0	0.0	31.0	40.0	0.0
cce1633df7477861abc754801c6e3f83	0.0	0.0	0.0	0.0	0.0	0.0	0.0	0.0	87.0	0.0	0.0	0.0	0.0
b895eb42079b1af26a39c503597146f4	0.0	0.0	0.0	0.0	0.0	0.0	0.0	0.0	30.0	21.0	0.0	0.0	8.0
aabd7b67ef4d8c5ce82c8f31b0fa987d	0.0	0.0	0.0	0.0	0.0	0.0	0.0	35.0	0.0	0.0	0.0	0.0	0.0
471502a7ac0fa8a7707f1ea7589fc6d7	0.0	0.0	0.0	0.0	0.0	0.0	0.0	0.0	30.0	24.0	0.0	0.0	4.0
e7f3e2c9d4995d2731c07ab0fd2e9f01	0.0	0.0	0.0	0.0	0.0	0.0	0.0	0.0	0.0	0.0	0.0	14.0	27.0
db07244f0e27528af22f181807189a26	0.0	0.0	0.0	0.0	0.0	0.0	0.0	0.0	0.0	55.0	0.0	0.0	0.0
072a1450011d576f42dc514b53a2c0c6	0.0	0.0	0.0	0.0	0.0	0.0	0.0	0.0	0.0	0.0	23.0	29.0	0.0
4e61ba7b2c5aebcaad3c32c5588e168e	0.0	0.0	0.0	0.0	0.0	0.0	0.0	0.0	0.0	25.0	35.0	0.0	0.0
33c817f716500634b8d0fed875f3e635	0.0	0.0	0.0	0.0	0.0	0.0	14.0	0.0	0.0	0.0	0.0	0.0	0.0
3cbb9ae2d8f20e8bd839aace6f93c5d2	0.0	0.0	0.0	0.0	0.0	0.0	0.0	0.0	0.0	0.0	35.0	29.0	0.0
1346ca8ddebbbd89c5b477adc90477ac	0.0	0.0	0.0	0.0	0.0	0.0	0.0	0.0	24.0	8.0	0.0	0.0	21.0
57ad41e0dfd2f9a3d785ee88c3598643	0.0	0.0	0.0	0.0	0.0	0.0	0.0	0.0	0.0	0.0	27.0	0.0	41.0
8789ad5f17cf08242d10809d6ea195a9	0.0	0.0	0.0	0.0	0.0	0.0	0.0	0.0	0.0	47.0	0.0	0.0	0.0
41ef7d0b76484d044f2eb7a9d916c692	0.0	0.0	0.0	0.0	0.0	0.0	0.0	78.0	0.0	0.0	0.0	0.0	0.0
3eb24ed0411b7b07e185ca19a4418717	0.0	0.0	0.0	0.0	0.0	0.0	0.0	0.0	0.0	0.0	4.0	5.0	24.0
aced7e4eefc8e9a9880d054b08858433	0.0	0.0	0.0	0.0	0.0	0.0	0.0	0.0	0.0	0.0	0.0	0.0	73.0
e182260a8cd36a7bd6e955a1783ed392	0.0	0.0	0.0	0.0	0.0	0.0	0.0	0.0	0.0	0.0	18.0	42.0	0.0
254701d8a9e43f61d609bd1b678eb562	0.0	0.0	0.0	0.0	0.0	0.0	0.0	72.0	0.0	0.0	0.0	0.0	0.0
552d62e91a2054ecb943c3c9a554cbca	0.0	0.0	0.0	0.0	0.0	0.0	0.0	73.0	0.0	0.0	0.0	0.0	0.0
71e91b47ac9c140e31aaf55f96b8f747	0.0	0.0	0.0	0.0	0.0	0.0	0.0	30.0	0.0	0.0	0.0	16.0	0.0
0a9ab722220aaeb59081bdbda623095b	0.0	0.0	0.0	0.0	0.0	0.0	0.0	0.0	71.0	0.0	0.0	0.0	0.0
d5ee33f267f959bace0763898d825c32	0.0	0.0	0.0	0.0	0.0	0.0	0.0	0.0	0.0	0.0	2.0	9.0	23.0
3191b76700bb037337db6c51ddbc29ca	0.0	0.0	0.0	0.0	0.0	0.0	0.0	27.0	0.0	0.0	0.0	0.0	0.0
311640a09f6c8584e06e4fc613b0a8d9	0.0	0.0	0.0	0.0	0.0	0.0	0.0	0.0	71.0	0.0	0.0	0.0	0.0
57ab948bf0a25b6432dfd2dc4ccb8f1f	0.0	0.0	0.0	0.0	0.0	0.0	0.0	0.0	0.0	0.0	0.0	0.0	63.0
442e4dee909f1b68a029ae01011ffbc8	0.0	0.0	0.0	0.0	0.0	0.0	0.0	9.0	0.0	0.0	0.0	0.0	0.0
312ba9bb31b44acce627931736070020	0.0	0.0	0.0	0.0	0.0	0.0	0.0	0.0	0.0	39.0	0.0	0.0	0.0
e2feb662e89455de0b84fa1be635110d	0.0	0.0	0.0	0.0	0.0	0.0	0.0	0.0	0.0	0.0	11.0	0.0	9.0
29bab6c76a84bdab9e2924d60bbd8a7a	0.0	0.0	0.0	0.0	0.0	0.0	0.0	0.0	0.0	0.0	0.0	0.0	64.0
c25621a91c54683a1a66a7e98007cd5a	0.0	0.0	41.0	0.0	0.0	0.0	0.0	0.0	0.0	0.0	0.0	0.0	0.0
2311c64a9eee455c2b511bda74e2e1be	0.0	0.0	0.0	0.0	0.0	0.0	0.0	68.0	0.0	0.0	0.0	0.0	0.0
a40386ba2c31ecddfc96edf6087a8acb	0.0	0.0	0.0	0.0	0.0	0.0	0.0	23.0	0.0	0.0	0.0	38.0	0.0
60a64a02b2ad10ef5251712d9fb3b9cf	0.0	0.0	0.0	0.0	0.0	0.0	0.0	0.0	0.0	31.0	4.0	0.0	0.0
f6b0956ad98af1344c9853b777745986	0.0	0.0	0.0	0.0	0.0	0.0	0.0	0.0	0.0	0.0	48.0	0.0	0.0
2935f8b6aef14940c27db02da3aa7d79	0.0	0.0	0.0	0.0	0.0	0.0	0.0	0.0	0.0	0.0	27.0	15.0	2.0
f48d8e19029df02d2c92db37f5795006	0.0	0.0	0.0	0.0	0.0	0.0	0.0	0.0	0.0	0.0	0.0	0.0	67.0
206b2479a49da51f2cd6693669abecde	3.0	0.0	0.0	0.0	0.0	0.0	0.0	8.0	0.0	0.0	0.0	0.0	0.0
29646a746b20a37956cca50dd3dfe377	0.0	0.0	40.0	0.0	0.0	0.0	0.0	0.0	0.0	0.0	0.0	0.0	0.0
5d953852e1e36ec98de00f90f7c84de8	0.0	0.0	0.0	0.0	0.0	0.0	0.0	65.0	0.0	0.0	0.0	0.0	0.0
c652d0413b901a650be6e6baf1914ba1	0.0	0.0	0.0	0.0	0.0	0.0	0.0	0.0	0.0	0.0	0.0	48.0	0.0
30d07467356ef1264eb7009ccde078db	0.0	0.0	0.0	0.0	0.0	0.0	0.0	0.0	0.0	0.0	59.0	0.0	0.0
65c8c387e5f5c4b83928f3940142b892	0.0	0.0	0.0	0.0	0.0	0.0	0.0	0.0	64.0	0.0	0.0	0.0	0.0
bb53cae82ad3dd4e9d5529632b27f812	0.0	0.0	0.0	0.0	0.0	0.0	0.0	0.0	0.0	50.0	0.0	0.0	0.0
ffb56149a7feabcebccade08667ada20	0.0	0.0	0.0	0.0	0.0	0.0	0.0	0.0	0.0	42.0	0.0	0.0	0.0
34857491b0e917151dadf6b73ae5309b	0.0	0.0	0.0	0.0	0.0	0.0	0.0	0.0	0.0	0.0	17.0	17.0	20.0
ed3fd997e8565c67273baa95d3cc7b58	0.0	0.0	0.0	0.0	0.0	0.0	0.0	62.0	0.0	0.0	0.0	0.0	0.0
872797a77ee4c350caa4272c5b0062f1	0.0	0.0	0.0	0.0	0.0	0.0	0.0	0.0	60.0	0.0	0.0	0.0	0.0
0b8766f7974c5825604b6c060151c238	0.0	0.0	0.0	0.0	0.0	0.0	0.0	0.0	0.0	42.0	0.0	0.0	0.0
b65d75a3b11f9dff7b63ee11ba3a28da	0.0	0.0	0.0	0.0	0.0	0.0	0.0	61.0	0.0	0.0	0.0	0.0	0.0
efa4f90b34509ce1b4ab0a9372081fd3	0.0	0.0	0.0	0.0	0.0	0.0	0.0	0.0	0.0	0.0	6.0	25.0	17.0
35c1677a0b7201be6cfa597f378fccff	0.0	0.0	0.0	0.0	0.0	0.0	0.0	0.0	0.0	0.0	0.0	0.0	57.0
c508f39e112f1c00672aebea2905893f	0.0	0.0	0.0	0.0	0.0	0.0	0.0	29.0	0.0	0.0	0.0	0.0	0.0
f25cfa9918ca1293936d18ec278def90	0.0	0.0	0.0	0.0	0.0	0.0	0.0	31.0	0.0	0.0	0.0	0.0	0.0
96269cdc4af604507c76432877030c25	0.0	0.0	0.0	0.0	0.0	0.0	0.0	0.0	0.0	16.0	0.0	0.0	15.0
cfe2d7fb9a96fba09b6dfb2beb19778c	0.0	0.0	0.0	0.0	0.0	0.0	0.0	0.0	0.0	0.0	39.0	0.0	0.0
139891fc2083c5bd67f20adffe83eaf7	0.0	0.0	0.0	0.0	0.0	0.0	0.0	0.0	0.0	39.0	0.0	0.0	0.0
54777412eb7ad68dfcdca16c761dd0bb	0.0	0.0	0.0	0.0	0.0	0.0	0.0	0.0	0.0	45.0	0.0	0.0	0.0
5d118317efb6802ded20ecfb1aa7848a	0.0	0.0	0.0	0.0	0.0	0.0	0.0	0.0	0.0	0.0	43.0	0.0	0.0
75ff9734905c0fa3268b6c81f45f5cdd	0.0	0.0	0.0	0.0	0.0	0.0	0.0	0.0	50.0	0.0	0.0	0.0	0.0
aafba912fd999543f63b9e6e1dc13a69	0.0	0.0	0.0	0.0	0.0	0.0	0.0	53.0	0.0	0.0	0.0	0.0	0.0
3ad777eff344f389e233cbe6bf9ee12b	0.0	0.0	0.0	0.0	0.0	0.0	0.0	0.0	21.0	0.0	0.0	0.0	0.0
d229f1ddbcd11d03fc1424fffd29df9b	0.0	0.0	0.0	0.0	0.0	0.0	0.0	0.0	0.0	0.0	0.0	0.0	51.0
d8308a4351fb56d8d4e39152c3af22b1	0.0	0.0	38.0	0.0	0.0	0.0	0.0	0.0	0.0	0.0	0.0	0.0	0.0
b74cca3b64fad8b3351e3d67d86c0be3	0.0	0.0	0.0	0.0	0.0	0.0	0.0	10.0	0.0	32.0	0.0	0.0	0.0
c329c0d602bb99515092139e3c31ad66	0.0	0.0	0.0	0.0	0.0	0.0	0.0	0.0	54.0	0.0	0.0	0.0	0.0
aefd22f2e02fc735c09e6708ddea8707	0.0	0.0	0.0	0.0	0.0	0.0	0.0	0.0	0.0	34.0	0.0	0.0	0.0
6269c579d8a27e46f152007572172576	0.0	0.0	0.0	0.0	0.0	0.0	0.0	0.0	0.0	33.0	0.0	0.0	0.0
579cfd768400f85ee319451905d5bfbd	0.0	0.0	0.0	0.0	0.0	0.0	0.0	0.0	0.0	0.0	41.0	0.0	0.0
069d26cede1526985220c7fea2d955b2	0.0	0.0	0.0	0.0	0.0	0.0	0.0	0.0	0.0	38.0	0.0	0.0	0.0
8ac74382e98dbad59fea3a11d3372418	0.0	0.0	0.0	0.0	0.0	0.0	0.0	0.0	0.0	36.0	0.0	0.0	0.0
4f0267e36546ffd7d8949c00e72f4b3c	0.0	0.0	0.0	0.0	0.0	0.0	0.0	49.0	0.0	0.0	0.0	0.0	0.0
61dab5e4daccc3beaf56bfa49894a28d	0.0	0.0	0.0	0.0	0.0	0.0	0.0	0.0	0.0	0.0	0.0	43.0	0.0
383731b35fd0e517a2cffec1a6115542	0.0	0.0	0.0	0.0	0.0	0.0	0.0	6.0	0.0	0.0	0.0	0.0	5.0
b2962ed8b3be77504429a7733d3e1dad	0.0	0.0	0.0	0.0	0.0	0.0	0.0	0.0	0.0	35.0	0.0	0.0	0.0
1bbfe1cde3310398e37b0e0a102d55b8	0.0	0.0	0.0	0.0	0.0	0.0	0.0	0.0	0.0	31.0	0.0	0.0	0.0
48a0db8802307e80a95da619b7520a3b	0.0	0.0	0.0	0.0	0.0	0.0	0.0	0.0	0.0	0.0	36.0	0.0	0.0
38062bf7d41fd8b1d850d9620a152e73	0.0	0.0	0.0	0.0	0.0	0.0	0.0	0.0	0.0	0.0	37.0	0.0	0.0
b33e3426f9be43a62099408888a1fe34	0.0	0.0	0.0	0.0	0.0	0.0	0.0	0.0	0.0	0.0	0.0	0.0	46.0
2b9203506b98ddd2c6b1637fbe92eabf	0.0	0.0	0.0	0.0	0.0	0.0	0.0	0.0	0.0	0.0	0.0	0.0	46.0
8c344c997fe1bea8173daf01b0238e50	0.0	0.0	0.0	0.0	0.0	0.0	0.0	0.0	49.0	0.0	0.0	0.0	0.0
1fa245a8ceec6c1a05a0968acba10481	0.0	0.0	0.0	0.0	0.0	0.0	0.0	0.0	0.0	37.0	0.0	0.0	0.0
5aca096fb495849340e748e603bef6a1	0.0	0.0	0.0	0.0	0.0	0.0	0.0	0.0	0.0	0.0	38.0	0.0	0.0
1bf601a198a9f926c4b7c65e058b5487	0.0	0.0	0.0	0.0	0.0	0.0	0.0	0.0	0.0	0.0	22.0	17.0	0.0
e6af636277773e47af5724b97040a72b	0.0	0.0	0.0	0.0	0.0	0.0	0.0	46.0	0.0	0.0	0.0	0.0	0.0
8b62ed4dfa3d6ff6ef73a0defd12d429	0.0	0.0	0.0	0.0	0.0	0.0	0.0	0.0	0.0	0.0	0.0	34.0	0.0
91df28cee5937c9be7175105b9268e30	0.0	0.0	0.0	0.0	0.0	0.0	0.0	0.0	0.0	0.0	0.0	0.0	15.0
4e9807478a6d090a82a0d809a37a19d6	0.0	0.0	32.0	0.0	0.0	0.0	0.0	0.0	0.0	0.0	0.0	0.0	0.0
d9c0f0c0136b084576dde8ab7c991bd6	0.0	0.0	0.0	0.0	0.0	0.0	0.0	0.0	0.0	35.0	0.0	0.0	0.0
29d7a6d9e741ea70f9652843d94d7438	0.0	0.0	0.0	0.0	0.0	0.0	0.0	0.0	0.0	0.0	31.0	0.0	0.0
2a549abdd0bdbb70486c84a678e50cb8	0.0	0.0	0.0	0.0	0.0	0.0	0.0	0.0	0.0	0.0	0.0	0.0	42.0
e6b4b031dbfa8f22ca118d41af421d49	0.0	0.0	0.0	0.0	0.0	0.0	0.0	46.0	0.0	0.0	0.0	0.0	0.0
80da22ee969d152c7876ae0d9631ba47	0.0	0.0	0.0	0.0	0.0	0.0	0.0	42.0	0.0	0.0	0.0	0.0	0.0
84111322bccef93b0a9aaca0cf0e542c	0.0	0.0	0.0	0.0	0.0	0.0	0.0	44.0	0.0	0.0	0.0	0.0	0.0
228d689b3d72d73bd302382f3d23a640	0.0	0.0	0.0	0.0	0.0	0.0	0.0	0.0	0.0	33.0	0.0	0.0	0.0
f7402277899417b782377b8ccc257370	0.0	0.0	0.0	0.0	0.0	0.0	0.0	42.0	0.0	0.0	0.0	0.0	0.0
1a86e69db45d0bf2c38ac3970db461ba	0.0	0.0	0.0	0.0	0.0	0.0	0.0	30.0	0.0	0.0	0.0	0.0	0.0
1a79a2c1b3368b9de6f8e37d09519b6d	0.0	0.0	0.0	0.0	0.0	0.0	0.0	0.0	0.0	0.0	0.0	0.0	36.0
ff7bac8a6a889e24a45f67ead55bc091	0.0	0.0	0.0	0.0	0.0	0.0	0.0	43.0	0.0	0.0	0.0	0.0	0.0
5e6828f09c56565de5bdf7a1c3811355	0.0	0.0	0.0	0.0	0.0	0.0	0.0	0.0	0.0	24.0	0.0	0.0	0.0
cddf480c7c70b193b5bd1951361969bf	0.0	0.0	0.0	0.0	0.0	0.0	0.0	15.0	0.0	0.0	0.0	0.0	0.0
82dd08dffeeec4196a71e2042dd0a85c	0.0	0.0	0.0	0.0	0.0	0.0	0.0	0.0	0.0	0.0	0.0	19.0	0.0
6aa83beb5f1c49f1f184e54ca5608855	0.0	0.0	0.0	0.0	0.0	0.0	0.0	0.0	0.0	0.0	0.0	0.0	39.0
2fad5ffa589f8125ca9a884de17574ae	0.0	0.0	22.0	0.0	0.0	0.0	0.0	0.0	0.0	0.0	0.0	0.0	0.0
1d73ed598e2441ae52a7c41a72923130	0.0	0.0	0.0	0.0	0.0	0.0	0.0	0.0	0.0	23.0	0.0	0.0	0.0
e15df7bb49f0823e384db6889206e1dc	0.0	0.0	0.0	0.0	0.0	0.0	0.0	0.0	0.0	27.0	0.0	0.0	0.0
6583aacdf1f58815decf74ae90af5544	0.0	0.0	0.0	0.0	0.0	0.0	0.0	0.0	0.0	0.0	0.0	31.0	0.0
55c280914acabd296951af58fb5ec1b7	0.0	0.0	0.0	0.0	0.0	0.0	0.0	0.0	0.0	0.0	0.0	32.0	0.0
7d98edb92314e51df25be976994d1479	0.0	0.0	0.0	0.0	0.0	0.0	0.0	0.0	0.0	0.0	0.0	0.0	39.0
619a6ad3134d43ffe28d8740a33343f1	0.0	0.0	0.0	0.0	0.0	0.0	0.0	39.0	0.0	0.0	0.0	0.0	0.0
501ba8db23445cfbebfe1afac2d650d3	0.0	0.0	0.0	0.0	0.0	0.0	0.0	24.0	0.0	0.0	0.0	0.0	0.0
fbfd2e0b43eb5fbbda9136f028c89fc2	0.0	0.0	0.0	0.0	0.0	0.0	0.0	0.0	0.0	25.0	0.0	0.0	0.0
27759641cfd11f8c299ca0cfa7180f01	0.0	0.0	0.0	0.0	0.0	0.0	0.0	0.0	0.0	0.0	0.0	33.0	0.0
c459898b7c3235c7677d16af4b34a30e	0.0	0.0	0.0	0.0	0.0	0.0	0.0	0.0	0.0	0.0	0.0	0.0	20.0
07c3f5cf34f08880199000eea66c3551	0.0	0.0	0.0	0.0	0.0	0.0	0.0	0.0	0.0	17.0	0.0	0.0	0.0
4a5df7e09e2e16667f6432611523a128	0.0	0.0	0.0	0.0	0.0	0.0	0.0	0.0	0.0	0.0	0.0	0.0	35.0
b2c012ef96142256e37546383292c640	0.0	0.0	0.0	0.0	0.0	0.0	0.0	0.0	0.0	25.0	0.0	0.0	0.0
37c36d44d42ccf4c4c291089c26a3ae6	0.0	0.0	0.0	0.0	0.0	0.0	0.0	0.0	0.0	0.0	28.0	0.0	0.0
118869f30bdc1a03ee1ad690abd1b2cf	0.0	0.0	0.0	0.0	0.0	0.0	0.0	0.0	0.0	0.0	27.0	0.0	0.0
da527b09832d173eff20bc5558d77e3f	0.0	0.0	0.0	0.0	0.0	0.0	0.0	0.0	0.0	0.0	0.0	31.0	0.0
8111998cb8754cee0a8c07597dcdad4d	0.0	0.0	0.0	0.0	0.0	0.0	0.0	0.0	0.0	0.0	0.0	31.0	0.0
ab604ddd6994f98eefe2dc4b3a83a32c	0.0	0.0	0.0	0.0	0.0	0.0	0.0	0.0	0.0	0.0	0.0	29.0	0.0
2cd28fa5b967731913cafdaf7982a7eb	0.0	0.0	0.0	0.0	0.0	0.0	0.0	0.0	0.0	0.0	0.0	27.0	0.0
0c273c83b6ba677563a82d97b2169c17	0.0	0.0	0.0	0.0	0.0	0.0	0.0	0.0	0.0	0.0	0.0	0.0	34.0
e2e976e6d2e0a468ff7341c862a7fca0	0.0	0.0	0.0	0.0	0.0	0.0	0.0	36.0	0.0	0.0	0.0	0.0	0.0
d8418cba09e81f85d8b7b0f7a84e53d4	0.0	0.0	0.0	0.0	0.0	0.0	0.0	0.0	0.0	0.0	30.0	0.0	0.0
182ef67defdebe62bf5ca821e4288f75	0.0	0.0	0.0	0.0	0.0	0.0	0.0	0.0	0.0	0.0	0.0	0.0	31.0
7ad2f9045ad5d81332033df9c691876b	0.0	0.0	0.0	0.0	0.0	0.0	0.0	20.0	0.0	0.0	0.0	0.0	0.0
3571b39a692bcfacd5bafb49dc945aa3	0.0	0.0	0.0	0.0	0.0	0.0	0.0	0.0	0.0	25.0	0.0	0.0	0.0
834b5b005a7b520b954b84fb7633ad7c	0.0	0.0	0.0	0.0	0.0	0.0	0.0	0.0	0.0	0.0	0.0	0.0	34.0
e63db758e1aae43862be548bed2bec40	0.0	0.0	25.0	0.0	0.0	0.0	0.0	0.0	0.0	0.0	0.0	0.0	0.0
4c8d2a73d168c88cd7c9d93258dbad9a	0.0	0.0	20.0	0.0	0.0	0.0	0.0	0.0	0.0	0.0	0.0	0.0	0.0
a8248611379d9404d9f1086101817192	0.0	0.0	0.0	0.0	0.0	0.0	0.0	34.0	0.0	0.0	0.0	0.0	0.0
1f2c67dfa9642efe64913ab90de24373	0.0	0.0	0.0	0.0	0.0	0.0	0.0	34.0	0.0	0.0	0.0	0.0	0.0
33c5cab0badf6c44997e0eb443240647	0.0	0.0	0.0	0.0	0.0	0.0	0.0	4.0	0.0	0.0	13.0	0.0	0.0
1f2b5e11cfef441102fcd6780340461f	0.0	0.0	0.0	0.0	0.0	0.0	0.0	0.0	32.0	0.0	0.0	0.0	0.0
f5a27a52d00376008012e089503112ce	0.0	0.0	0.0	0.0	0.0	0.0	0.0	0.0	0.0	22.0	0.0	0.0	0.0
dce03b62b29fff240e0ad65aef0c2e6c	0.0	0.0	0.0	0.0	0.0	0.0	0.0	0.0	0.0	0.0	0.0	27.0	0.0
60ee04e255c637ecf9214ad5477523e3	0.0	0.0	18.0	0.0	0.0	0.0	0.0	0.0	0.0	0.0	0.0	0.0	0.0
dc54b3b2901332d286363fee2dd358ef	0.0	0.0	0.0	0.0	0.0	0.0	0.0	0.0	0.0	4.0	0.0	16.0	6.0
ab6fe133148382f78bef2812ec477160	0.0	0.0	0.0	0.0	0.0	0.0	0.0	0.0	0.0	0.0	25.0	0.0	0.0
abd86c908440ad5e07862300d6f836d4	0.0	0.0	0.0	0.0	0.0	0.0	0.0	0.0	0.0	0.0	0.0	25.0	0.0
2591f701a8a733dac5505ebfde734bf4	0.0	0.0	0.0	0.0	0.0	0.0	0.0	0.0	0.0	0.0	0.0	0.0	29.0
b0067fa050117b68476d67370a6ff417	0.0	0.0	0.0	0.0	0.0	0.0	0.0	0.0	0.0	26.0	0.0	0.0	0.0
37d84e216e80f490a55f424a4ae99752	0.0	0.0	0.0	0.0	0.0	0.0	0.0	0.0	0.0	22.0	0.0	0.0	0.0
c283da2776147e23caa521f96e8da414	0.0	0.0	0.0	0.0	0.0	0.0	0.0	0.0	0.0	21.0	0.0	0.0	0.0
0bf96e2324d983cb3cc5a8f1f469fc3b	0.0	0.0	0.0	0.0	0.0	0.0	0.0	0.0	0.0	0.0	0.0	24.0	0.0
6032154efcbd50abef2a187a5d62f095	0.0	0.0	16.0	0.0	0.0	0.0	0.0	0.0	0.0	0.0	0.0	0.0	0.0
798f37517294f2825ffda766fdb1d5a8	0.0	0.0	0.0	0.0	0.0	11.0	0.0	0.0	0.0	0.0	0.0	0.0	0.0
4f694dcf5d45d87163e751c3aa224b93	0.0	0.0	0.0	0.0	0.0	0.0	0.0	30.0	0.0	0.0	0.0	0.0	0.0
857acf71fa079b7a95c6a511a64abf9a	0.0	0.0	0.0	0.0	0.0	0.0	0.0	0.0	28.0	0.0	0.0	0.0	0.0
c955dda7a9a50ae77367c0b3f3dc5348	0.0	0.0	0.0	0.0	0.0	0.0	0.0	0.0	0.0	0.0	0.0	25.0	0.0
c7638b494901b4f412458f62af0236e0	0.0	0.0	0.0	0.0	0.0	0.0	0.0	0.0	0.0	0.0	0.0	26.0	0.0
9b09e2afe9f425e9cb20d881deb0d7d0	0.0	0.0	18.0	0.0	0.0	0.0	0.0	0.0	0.0	0.0	0.0	0.0	0.0
0a3bc4add7a17072bc07820409feab98	0.0	0.0	0.0	10.0	0.0	0.0	0.0	0.0	0.0	0.0	0.0	0.0	0.0
25e1424b5552a5a6f795ebca22ee8241	0.0	0.0	0.0	0.0	0.0	0.0	0.0	30.0	0.0	0.0	0.0	0.0	0.0
48dbc9c707e8266d3eb5da06ef0ce351	0.0	0.0	0.0	0.0	0.0	0.0	0.0	0.0	0.0	0.0	20.0	0.0	0.0
bbf2d5d2950b18b5ec27b918125b2891	0.0	0.0	0.0	0.0	0.0	0.0	0.0	0.0	0.0	0.0	20.0	0.0	0.0
4c1ead48f4ce2d4dd51977e527aba9f1	0.0	0.0	0.0	0.0	0.0	0.0	0.0	0.0	0.0	0.0	19.0	0.0	0.0
4446c9839cfd5a97af096bd3cbe78c59	0.0	0.0	0.0	0.0	0.0	0.0	0.0	0.0	0.0	0.0	7.0	9.0	4.0
1164e31a1782ac5fd7e8b026e4c76cae	0.0	0.0	0.0	0.0	0.0	0.0	0.0	0.0	0.0	0.0	0.0	0.0	26.0
ce3e0c4b513ac958cb1b9f1ddfd1fabd	0.0	0.0	20.0	0.0	0.0	0.0	0.0	0.0	0.0	0.0	0.0	0.0	0.0
7910b2fdc56b54b4724dbe623fae3943	0.0	0.0	16.0	0.0	0.0	0.0	0.0	0.0	0.0	0.0	0.0	0.0	0.0
19046ed4b822b85aace7dbda0b861d81	0.0	0.0	0.0	0.0	0.0	0.0	0.0	29.0	0.0	0.0	0.0	0.0	0.0
5f679a32990897a9a72ea894b24f0c02	0.0	0.0	0.0	0.0	0.0	0.0	0.0	0.0	14.0	7.0	0.0	0.0	0.0
6e285a6aa832340486150dafe59c2ef0	0.0	0.0	0.0	0.0	0.0	0.0	0.0	0.0	0.0	17.0	0.0	0.0	0.0
d2f3a5e8483057bc3e359d8e1ae22a75	0.0	0.0	0.0	0.0	0.0	0.0	0.0	0.0	0.0	19.0	0.0	0.0	0.0
ea34c354b0ccbd09a4cd996d181254c4	0.0	0.0	0.0	0.0	0.0	0.0	0.0	0.0	0.0	0.0	21.0	0.0	0.0
69a42d3cd429402ba8dee826199ef4bc	0.0	0.0	0.0	0.0	0.0	0.0	0.0	0.0	0.0	0.0	0.0	19.0	0.0
5cdef42a0bead960e34a493c7f1c572c	0.0	0.0	0.0	0.0	0.0	0.0	0.0	0.0	0.0	0.0	0.0	24.0	0.0
a4fb80786bf24c2f19572aec7b5923c6	0.0	0.0	0.0	0.0	0.0	0.0	0.0	0.0	0.0	0.0	0.0	0.0	28.0
5ecc7c7c183b320fa38271dec60d69bd	0.0	0.0	0.0	0.0	0.0	0.0	0.0	0.0	27.0	0.0	0.0	0.0	0.0
f8acc5feaf3419d04b47532a5c51618f	0.0	0.0	0.0	0.0	0.0	0.0	0.0	0.0	25.0	0.0	0.0	0.0	0.0
73e6dd1fffeb2c90b06bd90886676df5	0.0	0.0	0.0	0.0	0.0	0.0	0.0	0.0	0.0	15.0	0.0	0.0	0.0
8290df608442471353f52912f39c0c89	0.0	0.0	0.0	0.0	0.0	0.0	0.0	0.0	0.0	0.0	0.0	0.0	27.0
4a50b76e8dc36c7ab6f7882e36cf5036	0.0	0.0	0.0	0.0	0.0	0.0	7.0	0.0	0.0	0.0	0.0	0.0	0.0
9413f183ff47227a35b37f14514e0ae9	0.0	0.0	0.0	0.0	0.0	0.0	0.0	0.0	0.0	0.0	22.0	0.0	0.0
ed7dd029b0f3462dab79401878e07df2	0.0	0.0	0.0	0.0	0.0	0.0	0.0	0.0	0.0	0.0	20.0	0.0	0.0
b8503186037e8e2862239cb26da1a435	0.0	0.0	0.0	0.0	0.0	0.0	0.0	0.0	0.0	0.0	0.0	22.0	0.0
e971528441ddfbea82925f5ad7e82c53	0.0	0.0	0.0	0.0	0.0	0.0	0.0	0.0	0.0	0.0	0.0	0.0	25.0
3042d1b772a991dd56c8bba87a79b156	0.0	0.0	0.0	0.0	0.0	0.0	0.0	0.0	0.0	0.0	0.0	0.0	26.0
9add57832f1b7495cbb34c92bafe0ca4	0.0	0.0	0.0	0.0	0.0	0.0	0.0	26.0	0.0	0.0	0.0	0.0	0.0
173e3e10c73c3ca7e71a1b98cbea9133	0.0	0.0	0.0	0.0	0.0	0.0	0.0	26.0	0.0	0.0	0.0	0.0	0.0
d6e31b4384aec6f028be394fef71f355	0.0	0.0	0.0	0.0	0.0	0.0	0.0	0.0	0.0	19.0	0.0	0.0	0.0
26c791991e3e6e5626ebc1b43494579b	0.0	0.0	0.0	0.0	0.0	0.0	0.0	0.0	0.0	0.0	17.0	0.0	0.0
d8e62044d2dd8e2280049fc725bf153d	0.0	0.0	0.0	0.0	0.0	0.0	0.0	0.0	0.0	0.0	0.0	0.0	23.0
81b2f3ca9e03a97a7ca77e264c3b79cb	0.0	0.0	0.0	0.0	0.0	0.0	0.0	0.0	0.0	0.0	0.0	0.0	24.0
51a810d938a64f799ecd97f579023c3e	0.0	0.0	16.0	0.0	0.0	0.0	0.0	0.0	0.0	0.0	0.0	0.0	0.0
865c7ad3755e27c452dd7ab6e21895f8	0.0	0.0	12.0	0.0	0.0	0.0	0.0	0.0	0.0	0.0	0.0	0.0	0.0
a6bfa10591cc2478556e183dc359aac6	0.0	0.0	0.0	0.0	0.0	0.0	0.0	23.0	0.0	0.0	0.0	0.0	0.0
d2c38f01e4b4f530b30287e573ad3254	0.0	0.0	0.0	0.0	0.0	0.0	0.0	24.0	0.0	0.0	0.0	0.0	0.0
c849c44c72784e03cbecc058142a5093	0.0	0.0	0.0	0.0	0.0	0.0	0.0	0.0	24.0	0.0	0.0	0.0	0.0
19e850c273e201cce61ff8379165ede6	0.0	0.0	0.0	0.0	0.0	0.0	0.0	0.0	23.0	0.0	0.0	0.0	0.0
0d7e84498054723ffb09b711cc1ccb49	0.0	0.0	0.0	0.0	0.0	0.0	0.0	0.0	24.0	0.0	0.0	0.0	0.0
f87cc1fec9eb628a8fc730686db6b861	0.0	0.0	0.0	0.0	0.0	0.0	0.0	0.0	0.0	16.0	0.0	0.0	0.0
5b59c1ef7109913f651b154590e33275	0.0	0.0	0.0	0.0	0.0	0.0	0.0	0.0	0.0	22.0	0.0	0.0	0.0
c8148781045c6d0fd7f251d190070811	0.0	0.0	0.0	0.0	0.0	0.0	0.0	0.0	0.0	0.0	20.0	0.0	0.0
5de0bed61f7914aad66df4cd3b7b94de	0.0	0.0	0.0	0.0	0.0	0.0	0.0	0.0	0.0	0.0	20.0	0.0	0.0
2e43f783f0e2bc7191a333932697781d	0.0	0.0	0.0	0.0	0.0	0.0	0.0	0.0	0.0	0.0	0.0	17.0	0.0
6dcefdb40cf9c8d27d5f0d951a9d15b9	0.0	0.0	0.0	0.0	0.0	0.0	0.0	0.0	0.0	0.0	0.0	20.0	0.0
27884857c6d6d9a6db5b2f9f270da060	0.0	0.0	0.0	0.0	0.0	0.0	0.0	0.0	0.0	0.0	0.0	0.0	23.0
6791ef841a8fed1ab0daa4f20ba5808d	0.0	0.0	0.0	0.0	0.0	0.0	0.0	0.0	0.0	0.0	0.0	0.0	24.0
1a9ef774d17ad204a6c2a2347f129658	0.0	0.0	0.0	0.0	5.0	0.0	0.0	0.0	0.0	0.0	0.0	0.0	0.0
c8db623a31cf883aa59216f2299b3a12	0.0	0.0	0.0	0.0	0.0	6.0	0.0	0.0	0.0	0.0	0.0	0.0	0.0
0171f3b89a06fb6903b1edf74081db1a	0.0	0.0	0.0	0.0	0.0	0.0	0.0	0.0	0.0	13.0	1.0	0.0	0.0
7ee6f21720e3d17edbf5cb12103aa50b	0.0	0.0	0.0	0.0	0.0	0.0	0.0	0.0	0.0	0.0	0.0	0.0	20.0
ccac3782d27c3576e24a979f44e814b1	0.0	0.0	0.0	0.0	0.0	0.0	0.0	0.0	0.0	0.0	0.0	0.0	21.0
626b1c7215899456f1f6e5d2ba9024ec	0.0	0.0	9.0	0.0	0.0	0.0	0.0	0.0	0.0	0.0	0.0	0.0	0.0
921d4813717db58ed0ed7ea1700dae45	0.0	0.0	14.0	0.0	0.0	0.0	0.0	0.0	0.0	0.0	0.0	0.0	0.0
bede01190368feab0ba9413db1597247	0.0	0.0	0.0	0.0	0.0	0.0	0.0	0.0	21.0	0.0	0.0	0.0	0.0
f0b0a8190ee11fde4819df674914971d	0.0	0.0	0.0	0.0	0.0	0.0	0.0	0.0	22.0	0.0	0.0	0.0	0.0
92a2726a735b420c80129731ef2927f6	0.0	0.0	0.0	0.0	0.0	0.0	0.0	0.0	19.0	0.0	0.0	0.0	0.0
2719fd40e12dd9e4dc7365dea603ec8a	0.0	0.0	0.0	0.0	0.0	0.0	0.0	0.0	23.0	0.0	0.0	0.0	0.0
6a8eb9e151795c13fe8b963f80bd36db	0.0	0.0	0.0	0.0	0.0	0.0	0.0	0.0	14.0	6.0	0.0	0.0	0.0
4892112308e0aae7fc7303eee47a5d0c	0.0	0.0	0.0	0.0	0.0	0.0	0.0	0.0	0.0	18.0	0.0	0.0	0.0
dcde99372c1abb63995f9fdd7cb1afea	0.0	0.0	0.0	0.0	0.0	0.0	0.0	0.0	0.0	0.0	13.0	0.0	0.0
e5a28bf221eb9a17de326f1fc4d64889	0.0	0.0	0.0	0.0	0.0	0.0	0.0	0.0	0.0	0.0	12.0	0.0	0.0
2b1076ff41b8e52165c6323aadd31ccf	0.0	0.0	0.0	0.0	0.0	0.0	0.0	0.0	0.0	0.0	0.0	21.0	0.0
c8da6b060caa1b5520c07c794f395098	0.0	0.0	0.0	0.0	0.0	0.0	0.0	0.0	0.0	0.0	0.0	19.0	0.0
7df7818da36af55e48c5233288e999cc	0.0	0.0	0.0	0.0	0.0	0.0	0.0	0.0	0.0	0.0	0.0	0.0	21.0
b0a8324a0802fb1e381de8181528190f	0.0	0.0	0.0	0.0	0.0	0.0	0.0	0.0	0.0	0.0	0.0	0.0	21.0
37f136be4c2591914dd7d597d29d4979	0.0	0.0	0.0	0.0	0.0	0.0	0.0	22.0	0.0	0.0	0.0	0.0	0.0
75e3da83d2f266fe133142e8f46ed54e	0.0	0.0	0.0	0.0	0.0	0.0	0.0	22.0	0.0	0.0	0.0	0.0	0.0
7b7031a92287e4d0c8d9d26a3aab30c5	0.0	0.0	0.0	0.0	0.0	0.0	0.0	10.0	0.0	0.0	0.0	0.0	0.0
b8dba1aacd62bcbb9d6fac9a4a891ad9	0.0	0.0	0.0	0.0	0.0	0.0	0.0	0.0	21.0	0.0	0.0	0.0	0.0
1603b00374e27a180a574cf2ad74d6fd	0.0	0.0	0.0	0.0	0.0	0.0	0.0	0.0	21.0	0.0	0.0	0.0	0.0
3880bfa0ab66370621dc33db6e763d9c	0.0	0.0	0.0	0.0	0.0	0.0	0.0	0.0	0.0	18.0	0.0	0.0	0.0
52572dfb77e65f9c4ad2d1eb912b2dfc	0.0	0.0	13.0	0.0	0.0	0.0	0.0	0.0	0.0	0.0	0.0	0.0	0.0
fc5ab828d9bb32878d726f4906d256ed	0.0	0.0	0.0	0.0	0.0	0.0	0.0	20.0	0.0	0.0	0.0	0.0	0.0
275d447d899d46b558d81ba893784bde	0.0	0.0	0.0	0.0	0.0	0.0	0.0	20.0	0.0	0.0	0.0	0.0	0.0
96f77ee1595f8ad7e2058e98f5e04df0	0.0	0.0	0.0	0.0	0.0	0.0	0.0	0.0	0.0	11.0	0.0	0.0	0.0
0507983e00e0aa5fc034e01b4f441780	0.0	0.0	0.0	0.0	0.0	0.0	0.0	0.0	0.0	10.0	0.0	0.0	0.0
9dc9c2eab63f31600fd3bbb98af8d60b	0.0	0.0	0.0	0.0	0.0	0.0	0.0	0.0	0.0	13.0	0.0	0.0	0.0
c9925c2334f4f22d0c84c9f59eb36d80	0.0	0.0	0.0	0.0	0.0	0.0	0.0	0.0	0.0	10.0	0.0	0.0	0.0
603fd5e4a1fa56df42c57421040a826f	0.0	0.0	0.0	0.0	0.0	0.0	0.0	0.0	0.0	0.0	0.0	19.0	0.0
5923f82326071caf3412bc2155278380	0.0	0.0	0.0	0.0	0.0	0.0	0.0	20.0	0.0	0.0	0.0	0.0	0.0
344d8daee727185f6fdcf602029a2a24	0.0	0.0	0.0	0.0	0.0	0.0	0.0	8.0	0.0	0.0	11.0	0.0	0.0
0cc3114bd7016a834bb9b7ca77b355c5	0.0	0.0	0.0	0.0	0.0	0.0	0.0	0.0	19.0	0.0	0.0	0.0	0.0
44532048ce90499235ee1c5a02c9cc3f	0.0	0.0	0.0	0.0	0.0	0.0	0.0	0.0	20.0	0.0	0.0	0.0	0.0
f5840cb6ee8846fb54b7a48509e521f8	0.0	0.0	0.0	0.0	0.0	0.0	0.0	0.0	0.0	12.0	0.0	0.0	0.0
a3a3e56561d214d22c727c31eb2dcea2	0.0	0.0	0.0	0.0	0.0	0.0	0.0	0.0	0.0	0.0	16.0	0.0	0.0
db9bf1d303790c46bac5a7b36c29b216	0.0	0.0	0.0	0.0	0.0	0.0	0.0	0.0	0.0	0.0	14.0	0.0	0.0
ebda44cf63b6cb4d83a7f2946bdc2d2c	0.0	0.0	0.0	0.0	0.0	0.0	0.0	8.0	0.0	0.0	0.0	0.0	0.0
8a83d0e07721fbde032b0c3083acc79d	0.0	0.0	0.0	0.0	0.0	0.0	0.0	0.0	17.0	0.0	0.0	0.0	0.0
63470addc07d6a47edad518cb53120ac	0.0	0.0	0.0	0.0	0.0	0.0	0.0	0.0	16.0	0.0	0.0	0.0	0.0
94a54c3fa63c32cfeecfcbb48c2424fd	0.0	0.0	0.0	0.0	0.0	0.0	0.0	0.0	4.0	11.0	0.0	0.0	0.0
0fc1794f2d9d2813b5f5117906d9b172	0.0	0.0	0.0	0.0	0.0	0.0	0.0	0.0	0.0	12.0	0.0	0.0	0.0
8f20e01e4a65d9024d1d4fe0775a677b	0.0	0.0	0.0	0.0	0.0	0.0	0.0	0.0	0.0	13.0	0.0	0.0	0.0
64330a9113f3f03ce66cd423d7e3ee05	0.0	0.0	0.0	0.0	0.0	0.0	0.0	0.0	0.0	12.0	0.0	0.0	0.0
570af662f9d1b830e0a49f1faa7432af	0.0	0.0	0.0	0.0	0.0	0.0	0.0	0.0	0.0	11.0	0.0	0.0	0.0
dfbd8c6eb714d933d6a94e24a065e15b	0.0	0.0	0.0	0.0	0.0	0.0	0.0	0.0	0.0	0.0	13.0	0.0	0.0
81bda53bf86dbe34c9adb29f57f9c2d7	0.0	0.0	0.0	0.0	0.0	0.0	0.0	0.0	0.0	0.0	15.0	0.0	0.0
c3a6bc7853793fd2188b28d49d7722aa	0.0	0.0	0.0	0.0	0.0	0.0	0.0	0.0	0.0	0.0	5.0	0.0	9.0
25c371a55138beef4c4117a3f20a24a6	0.0	5.0	0.0	0.0	0.0	0.0	0.0	0.0	0.0	0.0	0.0	0.0	0.0
45a29740cbf0a9ce73ff18f3960cfc42	0.0	0.0	0.0	0.0	0.0	0.0	0.0	18.0	0.0	0.0	0.0	0.0	0.0
970332fff85e8885101c393044158a2e	0.0	0.0	0.0	0.0	0.0	0.0	0.0	0.0	18.0	0.0	0.0	0.0	0.0
965de5601319262502a078d18a4e6599	0.0	0.0	0.0	0.0	0.0	0.0	0.0	0.0	0.0	11.0	0.0	0.0	0.0
a34681143118e69abb8f7589edcba9ff	0.0	0.0	0.0	0.0	0.0	0.0	0.0	0.0	0.0	15.0	0.0	0.0	0.0
590372af2d829a847df75b896df908b7	0.0	0.0	0.0	0.0	0.0	0.0	0.0	0.0	0.0	11.0	0.0	0.0	0.0
cf6c01de351a47b836859b815159fa48	0.0	0.0	0.0	0.0	0.0	0.0	0.0	0.0	0.0	10.0	0.0	0.0	0.0
5ad9f5385ad092580d03866cafe7acbc	0.0	0.0	0.0	0.0	0.0	0.0	0.0	0.0	0.0	11.0	0.0	0.0	0.0
3997642d57171b7a467210a599dbcf0b	0.0	0.0	0.0	0.0	0.0	0.0	0.0	0.0	0.0	0.0	10.0	0.0	0.0
8e8559ab37fab8d7a4d7f25b9c0e8214	0.0	0.0	0.0	0.0	0.0	0.0	0.0	0.0	0.0	0.0	12.0	0.0	0.0
af50233b7a40608b4182e7dba5205d63	0.0	0.0	0.0	0.0	0.0	0.0	0.0	0.0	0.0	0.0	0.0	16.0	0.0
28a5bafcfe3b51fea672460cb1d78f94	0.0	0.0	0.0	0.0	0.0	0.0	0.0	0.0	0.0	0.0	0.0	0.0	17.0
feeadaedf8d5bd668605077919f0e10d	0.0	0.0	0.0	0.0	0.0	0.0	0.0	0.0	0.0	0.0	0.0	0.0	17.0
ddaac040d2c48d50f9d17e29a4519048	4.0	0.0	0.0	0.0	0.0	0.0	0.0	0.0	0.0	0.0	0.0	0.0	0.0
e5d664c754d7aed0cd5a2aa85d940734	0.0	0.0	0.0	2.0	0.0	0.0	2.0	0.0	0.0	0.0	0.0	0.0	0.0
113525b47f173a6661e36c16d5417883	0.0	0.0	0.0	0.0	0.0	0.0	0.0	17.0	0.0	0.0	0.0	0.0	0.0
146a2048f92802c78ceb57744a67b18c	0.0	0.0	0.0	0.0	0.0	0.0	0.0	17.0	0.0	0.0	0.0	0.0	0.0
79b3a2cf78e9f9c0b23e164b44357ee1	0.0	0.0	0.0	0.0	0.0	0.0	0.0	16.0	0.0	0.0	0.0	0.0	0.0
c2fe1f8a2ebff86e6dedf8e7e32d49db	0.0	0.0	0.0	0.0	0.0	0.0	0.0	0.0	16.0	0.0	0.0	0.0	0.0
b75ab574cb2547dee06d5611a4b21568	0.0	0.0	0.0	0.0	0.0	0.0	0.0	0.0	0.0	13.0	0.0	0.0	0.0
3459273839c616d83cef373f91aebb1a	0.0	0.0	0.0	0.0	0.0	0.0	0.0	0.0	0.0	0.0	12.0	0.0	0.0
905068c9916b84a7f7f1be6c895cb46f	0.0	0.0	0.0	0.0	0.0	0.0	0.0	0.0	0.0	0.0	6.0	5.0	0.0
b80b531730141d4d2116d9f7ab350d78	0.0	0.0	0.0	0.0	0.0	0.0	0.0	0.0	0.0	0.0	0.0	9.0	0.0
54192ff52d36b07dfb9ab237b1f73332	0.0	0.0	0.0	0.0	0.0	0.0	0.0	0.0	0.0	0.0	0.0	14.0	0.0
7b62b12211dcc47ef71da6a26b8bcb8b	0.0	0.0	0.0	0.0	0.0	0.0	0.0	0.0	0.0	0.0	0.0	0.0	14.0
3a1428cd57363496716f9c5e638e0815	0.0	0.0	0.0	0.0	0.0	0.0	0.0	0.0	0.0	0.0	0.0	0.0	16.0
29c735483df0a7125cc1c65ae126eda1	0.0	0.0	9.0	0.0	0.0	0.0	0.0	0.0	0.0	0.0	0.0	0.0	0.0
0391486fb5d43635c96d28c4f320233c	0.0	0.0	0.0	0.0	0.0	0.0	0.0	16.0	0.0	0.0	0.0	0.0	0.0
859ec997b20decf0abbf4e17d70b18e7	0.0	0.0	0.0	0.0	0.0	0.0	0.0	16.0	0.0	0.0	0.0	0.0	0.0
5b0033dbe2ae24f2490e3293dc8b1594	0.0	0.0	0.0	0.0	0.0	0.0	0.0	16.0	0.0	0.0	0.0	0.0	0.0
f71a11467b559737ac1908ab57337cc1	0.0	0.0	0.0	0.0	0.0	0.0	0.0	0.0	7.0	5.0	0.0	0.0	0.0
433c3016aa190a9814b95a32dd63b807	0.0	0.0	0.0	0.0	0.0	0.0	0.0	0.0	0.0	10.0	0.0	0.0	0.0
f45f3a8995bc896fd0cb12ae5a0b06a0	0.0	0.0	0.0	0.0	0.0	0.0	0.0	0.0	0.0	10.0	0.0	0.0	0.0
bb838164ca28d0f8e8ca9536e33adc17	0.0	0.0	0.0	0.0	0.0	0.0	0.0	0.0	0.0	7.0	0.0	0.0	0.0
0b570cde00c12e07b5e7c7888c73bf10	0.0	0.0	0.0	0.0	0.0	0.0	0.0	0.0	0.0	8.0	0.0	0.0	0.0
7f0f183f7116bb91a6ab3586e1b88a82	0.0	0.0	0.0	0.0	0.0	0.0	0.0	0.0	0.0	12.0	0.0	0.0	0.0
f98b08035a7840f3854b2abee64cd558	0.0	0.0	0.0	0.0	0.0	0.0	0.0	0.0	0.0	0.0	14.0	0.0	0.0
577a4bececc848bc35c1b3f869be2c48	0.0	0.0	0.0	0.0	0.0	0.0	0.0	0.0	0.0	0.0	0.0	14.0	0.0
1d027b3104718680923c4e96f9eaad1a	0.0	0.0	0.0	0.0	0.0	0.0	0.0	0.0	0.0	0.0	0.0	0.0	14.0
a2a9648248706ed26de6bf6be983b3f2	0.0	0.0	0.0	0.0	0.0	0.0	4.0	0.0	0.0	0.0	0.0	0.0	0.0
764481e11b4cdff1f25625225a19a046	0.0	0.0	0.0	0.0	0.0	0.0	0.0	0.0	0.0	11.0	0.0	0.0	0.0
54d1df104c5ccef641c00bafac898372	0.0	0.0	0.0	0.0	0.0	0.0	0.0	0.0	0.0	10.0	0.0	0.0	0.0
1a95fbffc557311196bd08f1861b80b0	0.0	0.0	0.0	0.0	0.0	0.0	0.0	0.0	0.0	14.0	0.0	0.0	0.0
862703bcb0f9ebacba809744c26c5ae0	0.0	0.0	0.0	0.0	0.0	0.0	0.0	0.0	0.0	12.0	0.0	0.0	0.0
d4ae258c5f4d20898f7324bf0899bd4a	0.0	0.0	0.0	0.0	0.0	0.0	0.0	0.0	0.0	0.0	11.0	0.0	0.0
2f832cf6d56c4353f1f54a020ad47eac	0.0	0.0	0.0	0.0	0.0	0.0	0.0	0.0	0.0	0.0	10.0	0.0	0.0
4186faa97aeabe1e4d6b348a7a271de9	0.0	0.0	0.0	0.0	0.0	0.0	0.0	0.0	0.0	0.0	0.0	13.0	0.0
8281d125e10fd0f6da3ba3bd729f289f	0.0	0.0	0.0	0.0	0.0	0.0	0.0	0.0	0.0	0.0	0.0	11.0	0.0
5726a6432890be89a3d82aee97d2ad94	0.0	0.0	0.0	0.0	0.0	0.0	0.0	0.0	0.0	0.0	0.0	0.0	12.0
f7e8f0d302179ec6665e7cad8803e433	0.0	0.0	0.0	0.0	0.0	0.0	0.0	0.0	0.0	0.0	0.0	0.0	10.0
14eca64028cd8b55245a49e915eaa979	0.0	0.0	0.0	0.0	0.0	0.0	0.0	0.0	0.0	0.0	0.0	0.0	14.0
c4029d6834c1962ea1d5e30859cfeba8	0.0	0.0	10.0	0.0	0.0	0.0	0.0	0.0	0.0	0.0	0.0	0.0	0.0
76879a684d3764c3bd4341a8e8de0185	0.0	0.0	0.0	0.0	0.0	0.0	0.0	13.0	0.0	0.0	0.0	0.0	0.0
1dece044b98031477df18f839e171cbe	0.0	0.0	0.0	0.0	0.0	0.0	0.0	0.0	13.0	0.0	0.0	0.0	0.0
bde48ed19e5238fed3464fc6e46e2d63	0.0	0.0	0.0	0.0	0.0	0.0	0.0	0.0	14.0	0.0	0.0	0.0	0.0
814cdd67c76c78247942f54af43649bd	0.0	0.0	0.0	0.0	0.0	0.0	0.0	0.0	0.0	11.0	0.0	0.0	0.0
b57379ac8a3d6e20f9dff9c1404a6a5c	0.0	0.0	0.0	0.0	0.0	0.0	0.0	0.0	0.0	5.0	0.0	0.0	0.0
6827fcf80cad5dcdc69b4ff1ae71ff93	0.0	0.0	0.0	0.0	0.0	0.0	0.0	0.0	0.0	11.0	0.0	0.0	0.0
94b15a1b8eabdf55b1e9e02ef63cef60	0.0	0.0	0.0	0.0	0.0	0.0	0.0	0.0	0.0	0.0	14.0	0.0	0.0
9c2229e030de46ceb7a7ee141636362f	0.0	0.0	0.0	0.0	0.0	0.0	0.0	0.0	0.0	0.0	0.0	7.0	0.0
e42a72954bcbb926af702b9e92084a36	0.0	0.0	0.0	0.0	0.0	0.0	0.0	0.0	0.0	0.0	0.0	13.0	0.0
f681abbc065c68079c61ef61348b9fba	0.0	0.0	0.0	0.0	0.0	0.0	0.0	0.0	0.0	0.0	0.0	0.0	13.0
2a17328aa52799598bdd045dbd7ecf70	0.0	0.0	0.0	0.0	0.0	0.0	0.0	0.0	0.0	0.0	0.0	0.0	13.0
b9ba8a7de8a44d8527fbffd924ec4f56	0.0	0.0	7.0	0.0	0.0	0.0	0.0	0.0	0.0	0.0	0.0	0.0	0.0
55c68fb224e072ad0a05848c6929bd07	0.0	0.0	6.0	0.0	0.0	0.0	0.0	0.0	0.0	0.0	0.0	0.0	0.0
8481c44681f7449d5b2e4789227da534	0.0	0.0	8.0	0.0	0.0	0.0	0.0	0.0	0.0	0.0	0.0	0.0	0.0
77fec82de8f76d3434738e81bbd82c9e	0.0	0.0	0.0	0.0	0.0	0.0	6.0	0.0	0.0	0.0	0.0	0.0	0.0
ca0344510ebd1ddc8523417bf649a367	0.0	0.0	0.0	0.0	0.0	0.0	0.0	13.0	0.0	0.0	0.0	0.0	0.0
c7e423df84088a52ebeaca6615079a70	0.0	0.0	0.0	0.0	0.0	0.0	0.0	11.0	0.0	0.0	0.0	0.0	0.0
e8b4b45fae0240024059f29e5dc20a84	0.0	0.0	0.0	0.0	0.0	0.0	0.0	13.0	0.0	0.0	0.0	0.0	0.0
65069af3d014fe8ef679f744fd6e8a18	0.0	0.0	0.0	0.0	0.0	0.0	0.0	0.0	12.0	0.0	0.0	0.0	0.0
56b1d12792c60dd1fe256a3c7f1fb7d4	0.0	0.0	0.0	0.0	0.0	0.0	0.0	0.0	0.0	6.0	0.0	0.0	0.0
b526bea242abd4052104de3cec361db1	0.0	0.0	0.0	0.0	0.0	0.0	0.0	0.0	0.0	11.0	0.0	0.0	0.0
571a04aa548d03e2055007b351f8a4fb	0.0	0.0	0.0	0.0	0.0	0.0	0.0	0.0	0.0	11.0	0.0	0.0	0.0
3c85d91ed633e34db303019348e6e0bf	0.0	0.0	0.0	0.0	0.0	0.0	0.0	0.0	0.0	0.0	10.0	0.0	0.0
cc7c1db4d28186983b51ecc30ce96667	0.0	0.0	0.0	0.0	0.0	0.0	0.0	0.0	0.0	0.0	7.0	0.0	0.0
e5df45b9f7f8896478f95e300c5cd3e5	0.0	0.0	0.0	0.0	0.0	0.0	0.0	0.0	0.0	0.0	4.0	5.0	0.0
ce10a021662e385601f6912c05ff6df5	0.0	0.0	0.0	0.0	0.0	0.0	0.0	0.0	0.0	0.0	0.0	12.0	0.0
01690b9e19fad8abb20c2ce332162a92	0.0	0.0	0.0	0.0	0.0	0.0	0.0	0.0	0.0	0.0	0.0	9.0	0.0
89739addecb8db8f9e617671a5532464	0.0	0.0	0.0	0.0	0.0	0.0	0.0	0.0	0.0	0.0	0.0	11.0	0.0
8fb8fb81c0e1179338dcaadef336921f	0.0	0.0	0.0	0.0	0.0	0.0	0.0	0.0	0.0	0.0	0.0	11.0	0.0
68ae719616714497c80131c309abfe83	0.0	0.0	0.0	0.0	0.0	0.0	0.0	0.0	0.0	0.0	0.0	0.0	12.0
834efa1d9f2212db68a78c5086807586	0.0	0.0	0.0	0.0	0.0	0.0	0.0	0.0	0.0	0.0	0.0	0.0	13.0
2d1f1f2346f4cdbffe6deea222822e39	0.0	0.0	0.0	0.0	0.0	0.0	0.0	0.0	0.0	0.0	0.0	0.0	13.0
559a7aa6c030111199dabec564be3752	0.0	0.0	6.0	0.0	0.0	0.0	0.0	0.0	0.0	0.0	0.0	0.0	0.0
0423c6f30d4c0de16e7867ea29cb51cc	0.0	0.0	8.0	0.0	0.0	0.0	0.0	0.0	0.0	0.0	0.0	0.0	0.0
026f16d7aead79b28f42f48b88b7c5e6	0.0	0.0	0.0	0.0	0.0	0.0	0.0	12.0	0.0	0.0	0.0	0.0	0.0
9956e73241fe0204213e24c8890cbdd4	0.0	0.0	0.0	0.0	0.0	0.0	0.0	0.0	10.0	0.0	0.0	0.0	0.0
227e643c53c54e5340a3cd3c349c73fc	0.0	0.0	0.0	0.0	0.0	0.0	0.0	0.0	0.0	9.0	0.0	0.0	0.0
2c7078fb13671afb7ba1cfa2da2646b4	0.0	0.0	0.0	0.0	0.0	0.0	0.0	0.0	0.0	7.0	0.0	0.0	0.0
58e3baf0a04bc19a3b8f26db316ca45a	0.0	0.0	0.0	0.0	0.0	0.0	0.0	0.0	0.0	5.0	0.0	0.0	0.0
0cbe9c29ce0f6aa08e877806daca29d1	0.0	0.0	0.0	0.0	0.0	0.0	0.0	0.0	0.0	5.0	0.0	0.0	0.0
dad314604e9a8f7047042c98d3441fb9	0.0	0.0	0.0	0.0	0.0	0.0	0.0	0.0	0.0	6.0	0.0	0.0	0.0
c905ef4ff0635536ed386c3d94a5274a	0.0	0.0	0.0	0.0	0.0	0.0	0.0	0.0	0.0	7.0	0.0	0.0	0.0
f67f88aa43e5d88490b97582361399ad	0.0	0.0	0.0	0.0	0.0	0.0	0.0	0.0	0.0	0.0	0.0	8.0	0.0
cb858eeed2ed96e1e4764625887279e9	0.0	0.0	0.0	0.0	0.0	0.0	0.0	0.0	0.0	0.0	0.0	0.0	9.0
9583fe0ace9ac06038ceb085eeef798f	0.0	0.0	0.0	0.0	0.0	0.0	0.0	0.0	0.0	0.0	0.0	0.0	11.0
33c64cec49a41fc97ddb9970463dfcde	0.0	0.0	0.0	0.0	0.0	0.0	0.0	0.0	0.0	0.0	0.0	0.0	11.0
9dc17244ee69664556d1e78a613e3174	0.0	0.0	9.0	0.0	0.0	0.0	0.0	0.0	0.0	0.0	0.0	0.0	0.0
926f89c962d1bffd07a336dab02d44d2	0.0	0.0	0.0	3.0	0.0	0.0	0.0	0.0	0.0	0.0	0.0	0.0	0.0
2331b6f64e74b988b0c0bf05d05c72de	0.0	0.0	0.0	0.0	0.0	4.0	0.0	0.0	0.0	0.0	0.0	0.0	0.0
d84ef02e6b34a641d8cf3286751d6a4e	0.0	0.0	0.0	0.0	0.0	0.0	0.0	11.0	0.0	0.0	0.0	0.0	0.0
6592beca9ef58fd5d0877f334f5ac28f	0.0	0.0	0.0	0.0	0.0	0.0	0.0	11.0	0.0	0.0	0.0	0.0	0.0
b9e2eca82da9418b20e1e6e21fd5628a	0.0	0.0	0.0	0.0	0.0	0.0	0.0	11.0	0.0	0.0	0.0	0.0	0.0
432ad83733cb1357e8011fce9d0051ec	0.0	0.0	0.0	0.0	0.0	0.0	0.0	10.0	0.0	0.0	0.0	0.0	0.0
1aed12421a5610c17a3f8d418e202311	0.0	0.0	0.0	0.0	0.0	0.0	0.0	11.0	0.0	0.0	0.0	0.0	0.0
ad6344d6d913796079f4590dda9a468a	0.0	0.0	0.0	0.0	0.0	0.0	0.0	11.0	0.0	0.0	0.0	0.0	0.0
8933d4e8ebab6c061a275a63f6c58cd4	0.0	0.0	0.0	0.0	0.0	0.0	0.0	0.0	11.0	0.0	0.0	0.0	0.0
16e8102a4374356d2b8a2a543b512faf	0.0	0.0	0.0	0.0	0.0	0.0	0.0	0.0	11.0	0.0	0.0	0.0	0.0
9aff7e4c0ec7168796fc7be7605dc1b9	0.0	0.0	0.0	0.0	0.0	0.0	0.0	0.0	0.0	7.0	0.0	0.0	0.0
b7d94530d30ae0f7fd5fbf1999306e57	0.0	0.0	0.0	0.0	0.0	0.0	0.0	0.0	0.0	8.0	0.0	0.0	0.0
84b20050d53122b23bfecb73aac2817c	0.0	0.0	0.0	0.0	0.0	0.0	0.0	0.0	0.0	10.0	0.0	0.0	0.0
91c482dce9f48f3023e415eab653296d	0.0	0.0	0.0	0.0	0.0	0.0	0.0	0.0	0.0	8.0	0.0	0.0	0.0
89426274d28ee726c71b80c9df0bd954	0.0	0.0	0.0	0.0	0.0	0.0	0.0	0.0	0.0	7.0	0.0	0.0	0.0
a8358e87bdf467d5a279acca54753e9f	0.0	0.0	0.0	0.0	0.0	0.0	0.0	0.0	0.0	0.0	8.0	0.0	0.0
4ee4118a2874279c6105916b25bb3605	0.0	0.0	0.0	0.0	0.0	0.0	0.0	0.0	0.0	0.0	9.0	0.0	0.0
13c14267735801d65c5bc5169172a663	0.0	0.0	0.0	0.0	0.0	0.0	0.0	0.0	0.0	0.0	0.0	10.0	0.0
736be18cc910c96c99e6d39be9bb8501	0.0	0.0	0.0	0.0	0.0	0.0	0.0	0.0	0.0	0.0	0.0	6.0	0.0
9e26bf530104a98c15f16bcb831726a7	0.0	0.0	0.0	0.0	0.0	0.0	0.0	0.0	0.0	0.0	0.0	10.0	0.0
b63356fcdfc135343181320ca2ab2a74	0.0	0.0	0.0	0.0	0.0	0.0	0.0	0.0	0.0	0.0	0.0	0.0	11.0
823c2e90841e93b2e21bfa5cae34aaa9	0.0	0.0	0.0	0.0	0.0	0.0	0.0	0.0	0.0	0.0	0.0	0.0	11.0
da2b0250b7b7588c5f8cac760ec87f41	0.0	0.0	0.0	0.0	0.0	0.0	0.0	0.0	0.0	0.0	0.0	0.0	10.0
cca63ab9a8af03c826f394ec1acf7fe5	0.0	0.0	7.0	0.0	0.0	0.0	0.0	0.0	0.0	0.0	0.0	0.0	0.0
6edf61161a6f3df9bbab384edf77cf3f	0.0	0.0	5.0	0.0	0.0	0.0	0.0	0.0	0.0	0.0	0.0	0.0	0.0
b1f3ab0a42035e756e75335c6c6fc75f	0.0	0.0	0.0	0.0	0.0	0.0	1.0	0.0	0.0	0.0	0.0	0.0	0.0
c1b92abcac3a67d4a9ebda863fea97cb	0.0	0.0	0.0	0.0	0.0	0.0	3.0	0.0	0.0	0.0	0.0	0.0	0.0
3f30e8081df5083e511648135fcd0ad0	0.0	0.0	0.0	0.0	0.0	0.0	0.0	10.0	0.0	0.0	0.0	0.0	0.0
bb219117cc083a6c5666411d3bc98f28	0.0	0.0	0.0	0.0	0.0	0.0	0.0	10.0	0.0	0.0	0.0	0.0	0.0
e0beb558473e0bcf5b520327531667e1	0.0	0.0	0.0	0.0	0.0	0.0	0.0	10.0	0.0	0.0	0.0	0.0	0.0
474771a4141817c77a340dcb293c57b1	0.0	0.0	0.0	0.0	0.0	0.0	0.0	10.0	0.0	0.0	0.0	0.0	0.0
58e0fff6915aacc601872188408931c2	0.0	0.0	0.0	0.0	0.0	0.0	0.0	0.0	9.0	0.0	0.0	0.0	0.0
fc36c11978b03b3e357b229ef7960d00	0.0	0.0	0.0	0.0	0.0	0.0	0.0	0.0	9.0	0.0	0.0	0.0	0.0
0f04f8715e8066f0f569d204b9b4185f	0.0	0.0	0.0	0.0	0.0	0.0	0.0	0.0	10.0	0.0	0.0	0.0	0.0
611053b2e2e7dc0da78b945ec8c33c33	0.0	0.0	0.0	0.0	0.0	0.0	0.0	0.0	0.0	5.0	0.0	0.0	0.0
a03f4d569c01b5a484619da54c7212ae	0.0	0.0	0.0	0.0	0.0	0.0	0.0	0.0	0.0	8.0	0.0	0.0	0.0
4c5a5ca99b652664b478ca1e3726e07b	0.0	0.0	0.0	0.0	0.0	0.0	0.0	0.0	0.0	4.0	0.0	0.0	0.0
26eac5a834157a58843c54d95fd9e3f3	0.0	0.0	0.0	0.0	0.0	0.0	0.0	0.0	0.0	5.0	0.0	0.0	0.0
eb8592780624209f02325a98b1a5a489	0.0	0.0	0.0	0.0	0.0	0.0	0.0	0.0	0.0	5.0	0.0	0.0	0.0
bac0fd7d29e6b260844d3aaa148d63f6	0.0	0.0	0.0	0.0	0.0	0.0	0.0	0.0	0.0	0.0	8.0	0.0	0.0
2b564f8e172c37cc48ac0f57b44ba976	0.0	0.0	0.0	0.0	0.0	0.0	0.0	0.0	0.0	0.0	5.0	0.0	0.0
a4f363c76b9f04b2d1734675100e8708	0.0	0.0	0.0	0.0	0.0	0.0	0.0	0.0	0.0	0.0	8.0	0.0	0.0
dca0daad8217f19546b8cc42dc2f0902	0.0	0.0	0.0	0.0	0.0	0.0	0.0	0.0	0.0	0.0	0.0	6.0	0.0
32f227fc561aaaa29612487174f8aaf9	0.0	0.0	0.0	0.0	0.0	0.0	0.0	0.0	0.0	0.0	0.0	6.0	0.0
e127483c177c3fa91a66dd490be0691a	0.0	0.0	0.0	0.0	0.0	0.0	0.0	0.0	0.0	0.0	0.0	0.0	9.0
975729c520ccfb3ac8281b05b22f78d6	0.0	0.0	0.0	0.0	0.0	0.0	0.0	0.0	0.0	0.0	0.0	0.0	10.0
1c0206f4f9c12a75b38bab8212ffd74c	0.0	0.0	0.0	0.0	0.0	0.0	0.0	0.0	0.0	0.0	0.0	0.0	4.0
2fde88edf4dbd4c6caf8bf5e6d06331f	0.0	0.0	7.0	0.0	0.0	0.0	0.0	0.0	0.0	0.0	0.0	0.0	0.0
b5c500341afca1ab072fba860fbd9c44	0.0	0.0	6.0	0.0	0.0	0.0	0.0	0.0	0.0	0.0	0.0	0.0	0.0
48dc099b819bbce7fc478e00f0caf435	0.0	0.0	4.0	0.0	0.0	0.0	0.0	0.0	0.0	0.0	0.0	0.0	0.0
89c0e8ab5538519522faa8fa53f6243b	0.0	0.0	0.0	0.0	0.0	1.0	0.0	0.0	0.0	0.0	0.0	0.0	0.0
2f522edfed34b63024af5dde735379e4	0.0	0.0	0.0	0.0	0.0	0.0	0.0	9.0	0.0	0.0	0.0	0.0	0.0
e34acecfd7968bc116778122e18bccb9	0.0	0.0	0.0	0.0	0.0	0.0	0.0	9.0	0.0	0.0	0.0	0.0	0.0
4dc391d173f26cc9f59018d3a4df57ae	0.0	0.0	0.0	0.0	0.0	0.0	0.0	9.0	0.0	0.0	0.0	0.0	0.0
8530bbdc9ed6673a93d329ee62f22614	0.0	0.0	0.0	0.0	0.0	0.0	0.0	0.0	8.0	0.0	0.0	0.0	0.0
c539cbb7a989ac620c18774b32a13717	0.0	0.0	0.0	0.0	0.0	0.0	0.0	0.0	9.0	0.0	0.0	0.0	0.0
4f4b505ca8b1f8442e7a77804e792f98	0.0	0.0	0.0	0.0	0.0	0.0	0.0	0.0	9.0	0.0	0.0	0.0	0.0
5a2030f6d6271df78b109634bb4cc051	0.0	0.0	0.0	0.0	0.0	0.0	0.0	0.0	9.0	0.0	0.0	0.0	0.0
bfaeb6830ba720a74c4075a696bcdf57	0.0	0.0	0.0	0.0	0.0	0.0	0.0	0.0	9.0	0.0	0.0	0.0	0.0
3de29a301dd2da899e4b90be5d3e6108	0.0	0.0	0.0	0.0	0.0	0.0	0.0	0.0	9.0	0.0	0.0	0.0	0.0
eae5a68ad69f3d4f8e77e87b43a6e27c	0.0	0.0	0.0	0.0	0.0	0.0	0.0	0.0	9.0	0.0	0.0	0.0	0.0
5f656584fa5d74171cf62ec9df7ea098	0.0	0.0	0.0	0.0	0.0	0.0	0.0	0.0	0.0	5.0	0.0	0.0	0.0
3ff628d8773a35e571c48feaeaf438ef	0.0	0.0	0.0	0.0	0.0	0.0	0.0	0.0	0.0	5.0	0.0	0.0	0.0
44abc73291a705c4538a13e387916ec8	0.0	0.0	0.0	0.0	0.0	0.0	0.0	0.0	0.0	6.0	0.0	0.0	0.0
2f2a404a6f7ef4f070e9c24d0b862600	0.0	0.0	0.0	0.0	0.0	0.0	0.0	0.0	0.0	4.0	0.0	0.0	0.0
20623d9fb8fbbfd30ea4d0dffbdfccc5	0.0	0.0	0.0	0.0	0.0	0.0	0.0	0.0	0.0	0.0	5.0	0.0	0.0
76f6b677de0c88627b9faa3895fc04a5	0.0	0.0	0.0	0.0	0.0	0.0	0.0	0.0	0.0	0.0	7.0	0.0	0.0
110a6e7394e236645a6b86882cd3da9c	0.0	0.0	0.0	0.0	0.0	0.0	0.0	0.0	0.0	0.0	0.0	8.0	0.0
c773c893f1ef2cdbbd270106db1ba470	0.0	0.0	0.0	0.0	0.0	0.0	0.0	0.0	0.0	0.0	0.0	6.0	0.0
e792a843f760fc4ad4fc8b8e52a3f9df	0.0	0.0	0.0	0.0	0.0	0.0	0.0	0.0	0.0	0.0	0.0	7.0	0.0
688add5f2630c113adaf62de56bea066	0.0	0.0	0.0	0.0	0.0	0.0	0.0	0.0	0.0	0.0	0.0	6.0	0.0
bed062a7fe15b9f04a5d8ee4b1765a1a	0.0	0.0	0.0	0.0	0.0	0.0	0.0	0.0	0.0	0.0	0.0	0.0	9.0
786f4d5dcdf6dd335d32e6c55a0499a3	0.0	0.0	0.0	0.0	0.0	0.0	0.0	0.0	0.0	0.0	0.0	0.0	9.0
f6e376e0eff06fef58b82b70e364b445	0.0	0.0	6.0	0.0	0.0	0.0	0.0	0.0	0.0	0.0	0.0	0.0	0.0
79a19edb4338f1c358ce97d4ce2378ac	0.0	0.0	4.0	0.0	0.0	0.0	0.0	0.0	0.0	0.0	0.0	0.0	0.0
28e377c81fcfab166844ee911e0a4c1c	0.0	0.0	0.0	0.0	0.0	1.0	0.0	0.0	0.0	0.0	0.0	0.0	0.0
c50f8da3469eb8abd341e011cf7fc831	0.0	0.0	0.0	0.0	0.0	0.0	0.0	8.0	0.0	0.0	0.0	0.0	0.0
d5f38f06c771ce9cc4bd369329fcc927	0.0	0.0	0.0	0.0	0.0	0.0	0.0	0.0	8.0	0.0	0.0	0.0	0.0
da9681b9332e3682bd3f021502e5f89c	0.0	0.0	0.0	0.0	0.0	0.0	0.0	0.0	8.0	0.0	0.0	0.0	0.0
d00583451ba7f9db0b4664506fa2f453	0.0	0.0	0.0	0.0	0.0	0.0	0.0	0.0	8.0	0.0	0.0	0.0	0.0
2cf70265e31f295bbbcb6a79fb5816ab	0.0	0.0	0.0	0.0	0.0	0.0	0.0	0.0	8.0	0.0	0.0	0.0	0.0
959db5f28d079912186dcd1be7d3f218	0.0	0.0	0.0	0.0	0.0	0.0	0.0	0.0	8.0	0.0	0.0	0.0	0.0
30c2df1423ca7aee262095d7ef64a60c	0.0	0.0	0.0	0.0	0.0	0.0	0.0	0.0	8.0	0.0	0.0	0.0	0.0
8c11eff249d6fb6e7dacb4c30a768c03	0.0	0.0	0.0	0.0	0.0	0.0	0.0	0.0	0.0	6.0	0.0	0.0	0.0
86e630328ba2c87c9c67b838a76ec2e8	0.0	0.0	0.0	0.0	0.0	0.0	0.0	0.0	0.0	5.0	0.0	0.0	0.0
4f8c6ec3fdf6c5965ae5c173f52cd8a6	0.0	0.0	0.0	0.0	0.0	0.0	0.0	0.0	0.0	8.0	0.0	0.0	0.0
1e279ad505397fe83dcc9d5c0c3ce80e	0.0	0.0	0.0	0.0	0.0	0.0	0.0	0.0	0.0	0.0	7.0	0.0	0.0
d1eef1ecfbb92ab25b4ed4d78d985a4a	0.0	0.0	0.0	0.0	0.0	0.0	0.0	0.0	0.0	0.0	0.0	6.0	0.0
381fba0771326320af96e3366a024bc1	0.0	0.0	0.0	0.0	0.0	0.0	0.0	0.0	0.0	0.0	0.0	8.0	0.0
5a5b0836b7a2bcee127acda64e2bb3d8	0.0	0.0	0.0	0.0	0.0	0.0	0.0	0.0	0.0	0.0	0.0	1.0	4.0
34345eafe8523d55be53315da5492de6	0.0	0.0	0.0	0.0	0.0	0.0	0.0	0.0	0.0	0.0	0.0	0.0	6.0
5733a77273ca8a69a0a7f5c68d3a85d5	0.0	0.0	0.0	0.0	0.0	0.0	0.0	0.0	0.0	0.0	0.0	0.0	7.0
41e4f77231012622191f655d14c7b783	0.0	0.0	5.0	0.0	0.0	0.0	0.0	0.0	0.0	0.0	0.0	0.0	0.0
db25fa2570b997b72e0ecfad34f53e12	0.0	0.0	0.0	1.0	0.0	0.0	0.0	0.0	0.0	0.0	0.0	0.0	0.0
dd421b698cdbf169d5da501c0a05c5fe	0.0	0.0	0.0	0.0	0.0	3.0	0.0	0.0	0.0	0.0	0.0	0.0	0.0
3a93b66fb19bcde0039344503755c5d4	0.0	0.0	0.0	0.0	0.0	0.0	0.0	7.0	0.0	0.0	0.0	0.0	0.0
30caae993a44307636c8eeb027cdf471	0.0	0.0	0.0	0.0	0.0	0.0	0.0	7.0	0.0	0.0	0.0	0.0	0.0
1cbf75d7addf2decf8c1eed194fdbd14	0.0	0.0	0.0	0.0	0.0	0.0	0.0	7.0	0.0	0.0	0.0	0.0	0.0
96c63bd9311885ff24dc5fe6b00e96d2	0.0	0.0	0.0	0.0	0.0	0.0	0.0	7.0	0.0	0.0	0.0	0.0	0.0
9f1e81a245f68bae96a1e7b2aee48de6	0.0	0.0	0.0	0.0	0.0	0.0	0.0	7.0	0.0	0.0	0.0	0.0	0.0
6263f78172c7824cfc39d4dfa38066c7	0.0	0.0	0.0	0.0	0.0	0.0	0.0	0.0	7.0	0.0	0.0	0.0	0.0
ccc723f227d6feeb1ad9bdb5ba81c8b5	0.0	0.0	0.0	0.0	0.0	0.0	0.0	0.0	6.0	0.0	0.0	0.0	0.0
16014dd39ab4ead1225060e9070b5edf	0.0	0.0	0.0	0.0	0.0	0.0	0.0	0.0	6.0	0.0	0.0	0.0	0.0
e0c40b1dad187de7372ce3ec3b2854c2	0.0	0.0	0.0	0.0	0.0	0.0	0.0	0.0	0.0	5.0	0.0	0.0	0.0
c092dbbb4067ca1a6298656cea3f3cb6	0.0	0.0	0.0	0.0	0.0	0.0	0.0	0.0	0.0	6.0	0.0	0.0	0.0
a0d9faa3ac0110a88ce23b542ab05add	0.0	0.0	0.0	0.0	0.0	0.0	0.0	0.0	0.0	0.0	6.0	0.0	0.0
67f57bafef5625c0472b048bbe1164b8	0.0	0.0	0.0	0.0	0.0	0.0	0.0	0.0	0.0	0.0	5.0	0.0	0.0
2267af728a476d551004ba434f4f4f7c	0.0	0.0	0.0	0.0	0.0	0.0	0.0	0.0	0.0	0.0	0.0	4.0	0.0
f59d020c93a625b4a59b4b668febde12	0.0	0.0	0.0	0.0	0.0	0.0	0.0	0.0	0.0	0.0	0.0	5.0	0.0
febe03ef5c5e7ab8474081f9a2cbeadb	0.0	0.0	0.0	0.0	0.0	0.0	0.0	0.0	0.0	0.0	0.0	5.0	0.0
5f19bf4a01b8c6ed67a8d4662fdcdc4b	0.0	0.0	0.0	0.0	0.0	0.0	0.0	0.0	0.0	0.0	0.0	0.0	6.0
97ff52387b16eec2be4ede8a33aa61ca	0.0	0.0	0.0	0.0	0.0	0.0	0.0	0.0	0.0	0.0	0.0	0.0	7.0
9af9d75218a664ae00c69fe893827757	0.0	0.0	0.0	0.0	0.0	0.0	0.0	0.0	0.0	0.0	0.0	0.0	6.0
a3ee38329f9e87e1b247b66fa58650ca	0.0	0.0	0.0	0.0	0.0	0.0	0.0	0.0	0.0	0.0	0.0	0.0	7.0
82e2739e018b90d5d81acdb8b44cde64	0.0	0.0	0.0	0.0	0.0	0.0	0.0	0.0	0.0	0.0	0.0	0.0	7.0
c0828a935ffa872371356d978cc7d474	0.0	0.0	0.0	0.0	0.0	0.0	0.0	0.0	0.0	0.0	0.0	0.0	5.0
2060fbcc0c6190b39f2d311cfcc28fbc	0.0	0.0	0.0	0.0	0.0	0.0	0.0	0.0	0.0	0.0	0.0	0.0	7.0
60ef3943d1b07a0cb4d117679d0d163c	0.0	0.0	0.0	0.0	0.0	0.0	0.0	0.0	0.0	0.0	0.0	0.0	7.0
41d394773b1aac17d39acce9887d6cd2	0.0	0.0	0.0	0.0	0.0	0.0	0.0	0.0	0.0	0.0	0.0	0.0	6.0
dadce4b478427ebc7051e8fd8eaf3517	0.0	0.0	0.0	0.0	0.0	0.0	0.0	0.0	0.0	0.0	0.0	0.0	7.0
d6bd0afe8013a83b0f6e17c8127d6d4a	0.0	0.0	3.0	0.0	0.0	0.0	0.0	0.0	0.0	0.0	0.0	0.0	0.0
057bc002f4f843d6d53f9c658f718157	0.0	0.0	6.0	0.0	0.0	0.0	0.0	0.0	0.0	0.0	0.0	0.0	0.0
30b3b157ce67a894095453217aa7044a	0.0	0.0	3.0	0.0	0.0	0.0	0.0	0.0	0.0	0.0	0.0	0.0	0.0
4ccf44b019d3c3c5e427918a9eb04de0	0.0	0.0	5.0	0.0	0.0	0.0	0.0	0.0	0.0	0.0	0.0	0.0	0.0
0072d181b749044b9389f754c88177d1	0.0	0.0	1.0	0.0	0.0	0.0	0.0	0.0	0.0	0.0	0.0	0.0	0.0
626ade2dc50cb68e3d1f76253c2b00b5	0.0	0.0	0.0	0.0	0.0	2.0	0.0	0.0	0.0	0.0	0.0	0.0	0.0
b038f97d9f395ece76b9b6f40c977ea7	0.0	0.0	0.0	0.0	0.0	2.0	0.0	0.0	0.0	0.0	0.0	0.0	0.0
c55f5a22a82e2ea3cef7dd27db0009d0	0.0	0.0	0.0	0.0	0.0	0.0	4.0	0.0	0.0	0.0	0.0	0.0	0.0
d6eeb62f8322c7fcea8e4d5e97e74e61	0.0	0.0	0.0	0.0	0.0	0.0	0.0	6.0	0.0	0.0	0.0	0.0	0.0
0793d25590c55abe5abdf7370f1ff38e	0.0	0.0	0.0	0.0	0.0	0.0	0.0	6.0	0.0	0.0	0.0	0.0	0.0
6445012a6bc357cf16d9c364c1dff72c	0.0	0.0	0.0	0.0	0.0	0.0	0.0	0.0	6.0	0.0	0.0	0.0	0.0
e6f11b0740a486b5c84980fa9d32f581	0.0	0.0	0.0	0.0	0.0	0.0	0.0	0.0	6.0	0.0	0.0	0.0	0.0
5fac0b39313227996c14bf32477cb94e	0.0	0.0	0.0	0.0	0.0	0.0	0.0	0.0	4.0	0.0	0.0	0.0	0.0
ae84b16982431379b88a792a20fc1e63	0.0	0.0	0.0	0.0	0.0	0.0	0.0	0.0	6.0	0.0	0.0	0.0	0.0
55d62fe838d99bc7e62ea170ed11043a	0.0	0.0	0.0	0.0	0.0	0.0	0.0	0.0	0.0	4.0	0.0	0.0	0.0
91d4f56383fd9ac5928ef1251df371d0	0.0	0.0	0.0	0.0	0.0	0.0	0.0	0.0	0.0	3.0	0.0	0.0	0.0
41a3cfcd295ef2d749894015c5e0d4e0	0.0	0.0	0.0	0.0	0.0	0.0	0.0	0.0	0.0	6.0	0.0	0.0	0.0
e269a70383085bab4e840b38f4bd183d	0.0	0.0	0.0	0.0	0.0	0.0	0.0	0.0	0.0	4.0	0.0	0.0	0.0
42f79be8fb962627f50c812da6897a0e	0.0	0.0	0.0	0.0	0.0	0.0	0.0	0.0	0.0	4.0	0.0	0.0	0.0
82f28c25b910bae525c098cc090ed4c5	0.0	0.0	0.0	0.0	0.0	0.0	0.0	0.0	0.0	5.0	0.0	0.0	0.0
9fbdba5801b93fd966f3c004cef190f6	0.0	0.0	0.0	0.0	0.0	0.0	0.0	0.0	0.0	4.0	0.0	0.0	0.0
d2f2d465a26d4288247a76c41c5a6bc5	0.0	0.0	0.0	0.0	0.0	0.0	0.0	0.0	0.0	3.0	0.0	0.0	0.0
1127d395b605f574fb59eb058d22989b	0.0	0.0	0.0	0.0	0.0	0.0	0.0	0.0	0.0	3.0	0.0	0.0	0.0
3c70b0992f518344651b12e16ac48d9f	0.0	0.0	0.0	0.0	0.0	0.0	0.0	0.0	0.0	4.0	0.0	0.0	0.0
9e93a475897e6a4d398eb1d1d835b5dc	0.0	0.0	0.0	0.0	0.0	0.0	0.0	0.0	0.0	0.0	6.0	0.0	0.0
f5405e56c3b7a8a9eb303f396bd12289	0.0	0.0	0.0	0.0	0.0	0.0	0.0	0.0	0.0	0.0	6.0	0.0	0.0
388a1b55cf7021b5851c9594cb23d261	0.0	0.0	0.0	0.0	0.0	0.0	0.0	0.0	0.0	0.0	0.0	4.0	0.0
5f997b1e2266d7e7b73e708254034241	0.0	0.0	0.0	0.0	0.0	0.0	0.0	0.0	0.0	0.0	0.0	3.0	0.0
22ce8c12d760e7eaf3cf429da75ba8a6	0.0	0.0	0.0	0.0	0.0	0.0	0.0	0.0	0.0	0.0	0.0	4.0	0.0
4a45fc393330b6536eb0bcd098d5df6f	0.0	0.0	0.0	0.0	0.0	0.0	0.0	0.0	0.0	0.0	0.0	4.0	0.0
a9fc13e45c28543076b30d50acbd5888	0.0	0.0	0.0	0.0	0.0	0.0	0.0	0.0	0.0	0.0	0.0	5.0	0.0
34088d47ecc6690d35775d88f39ea354	0.0	0.0	0.0	0.0	0.0	0.0	0.0	0.0	0.0	0.0	0.0	5.0	0.0
9f59fb2d3f31dbdc22727dfd19ca29be	0.0	0.0	0.0	0.0	0.0	0.0	0.0	0.0	0.0	0.0	0.0	5.0	0.0
74cc0fb709b15026ef360ba28c825abc	0.0	0.0	0.0	0.0	0.0	0.0	0.0	0.0	0.0	0.0	0.0	6.0	0.0
ff89c3bedc306a9fcaef221575c8afdd	0.0	0.0	0.0	0.0	0.0	0.0	0.0	0.0	0.0	0.0	0.0	5.0	0.0
07118c8012c4004155c25d205bb95acb	0.0	0.0	0.0	0.0	0.0	0.0	0.0	0.0	0.0	0.0	0.0	0.0	6.0
d8635aec5b19e6c4c9525c6672bed899	0.0	0.0	0.0	0.0	0.0	0.0	0.0	0.0	0.0	0.0	0.0	0.0	4.0
a93c0c0f61ba3ec66b8de74eeef138c4	0.0	2.0	0.0	0.0	0.0	0.0	0.0	0.0	0.0	0.0	0.0	0.0	0.0
1225256b5121589052b4b8896fb8ce21	0.0	0.0	3.0	0.0	0.0	0.0	0.0	0.0	0.0	0.0	0.0	0.0	0.0
2d0c2ebe5fca680c837ba7954697e7a4	0.0	0.0	5.0	0.0	0.0	0.0	0.0	0.0	0.0	0.0	0.0	0.0	0.0
4f383b83acb261f49727e5e2fe204ab4	0.0	0.0	0.0	0.0	0.0	0.0	0.0	5.0	0.0	0.0	0.0	0.0	0.0
ba6588fdd7e89e0f222962e6836e0d4d	0.0	0.0	0.0	0.0	0.0	0.0	0.0	0.0	5.0	0.0	0.0	0.0	0.0
15be6aed4dc8caa236ecc4c744faadc1	0.0	0.0	0.0	0.0	0.0	0.0	0.0	0.0	5.0	0.0	0.0	0.0	0.0
cd83966aec5509dfa71ce75b166be123	0.0	0.0	0.0	0.0	0.0	0.0	0.0	0.0	5.0	0.0	0.0	0.0	0.0
336f32eea222c324b1912c20ead3938a	0.0	0.0	0.0	0.0	0.0	0.0	0.0	0.0	0.0	3.0	0.0	0.0	0.0
82a3eb70990fd83cd4ddc169ec45c771	0.0	0.0	0.0	0.0	0.0	0.0	0.0	0.0	0.0	4.0	0.0	0.0	0.0
746af8b47777e1481bf4d514c9b595b1	0.0	0.0	0.0	0.0	0.0	0.0	0.0	0.0	0.0	4.0	0.0	0.0	0.0
ad657e0dcc43d9fc39c6c2fb64475be3	0.0	0.0	0.0	0.0	0.0	0.0	0.0	0.0	0.0	4.0	0.0	0.0	0.0
3805097f36217bcaff007f300fc9fadc	0.0	0.0	0.0	0.0	0.0	0.0	0.0	0.0	0.0	0.0	3.0	0.0	0.0
f3f98dfb8ed2a7ea8437f32868443174	0.0	0.0	0.0	0.0	0.0	0.0	0.0	0.0	0.0	0.0	4.0	0.0	0.0
961caa835daf2ad15e96353552ea09cc	0.0	0.0	0.0	0.0	0.0	0.0	0.0	0.0	0.0	0.0	0.0	4.0	0.0
d6f3fbe970db5578927f2870ee42237c	0.0	0.0	0.0	0.0	0.0	0.0	0.0	0.0	0.0	0.0	0.0	4.0	0.0
6a7868c0c6596b71ab4a728650048519	0.0	0.0	0.0	0.0	0.0	0.0	0.0	0.0	0.0	0.0	0.0	2.0	0.0
74f26c7063b963c0c76477b81ec9290b	0.0	0.0	0.0	0.0	0.0	0.0	0.0	0.0	0.0	0.0	0.0	5.0	0.0
032613d03d56c3470abbe536ac2e6d44	0.0	0.0	0.0	0.0	0.0	0.0	0.0	0.0	0.0	0.0	0.0	4.0	0.0
a4a5fe09be9311f99da0052275be94a5	0.0	0.0	0.0	0.0	0.0	0.0	0.0	0.0	0.0	0.0	0.0	0.0	3.0
4ee437a033d9d60dd34eb5967a6b5a4c	0.0	0.0	0.0	0.0	0.0	0.0	0.0	0.0	0.0	0.0	0.0	0.0	5.0
e3c17425ff96592eebb58e83a5e7cb13	0.0	0.0	0.0	0.0	0.0	0.0	0.0	0.0	0.0	0.0	0.0	0.0	5.0
6be091ffe0a5830bd8cca715e9c8f403	0.0	0.0	0.0	0.0	0.0	0.0	0.0	0.0	0.0	0.0	0.0	0.0	4.0
65d33a8a7429080a492b56dab703c428	0.0	0.0	0.0	0.0	0.0	0.0	0.0	0.0	0.0	0.0	0.0	0.0	4.0
bd469f70ab71a6f4a9823293a0a1e796	0.0	0.0	2.0	0.0	0.0	0.0	0.0	0.0	0.0	0.0	0.0	0.0	0.0
537ca6374df74053743392ed3844e29d	0.0	0.0	4.0	0.0	0.0	0.0	0.0	0.0	0.0	0.0	0.0	0.0	0.0
05ae301de238c3e082159d95e1671b37	0.0	0.0	0.0	0.0	2.0	0.0	0.0	0.0	0.0	0.0	0.0	0.0	0.0
2bfd4b115abdd4cac2f3fc534c4d837e	0.0	0.0	0.0	0.0	0.0	0.0	3.0	0.0	0.0	0.0	0.0	0.0	0.0
42fba2bcf5c5585dc50a96a06958b57f	0.0	0.0	0.0	0.0	0.0	0.0	0.0	4.0	0.0	0.0	0.0	0.0	0.0
df80552dfa5abe45bb9a3386208ea60b	0.0	0.0	0.0	0.0	0.0	0.0	0.0	4.0	0.0	0.0	0.0	0.0	0.0
7652031f78f0d32caf5017a547d28f3f	0.0	0.0	0.0	0.0	0.0	0.0	0.0	0.0	3.0	0.0	0.0	0.0	0.0
e2da3f714f9b4e82b8f9e095020d97ac	0.0	0.0	0.0	0.0	0.0	0.0	0.0	0.0	0.0	3.0	0.0	0.0	0.0
8b44658121542f805ab5a11b47e05f8d	0.0	0.0	0.0	0.0	0.0	0.0	0.0	0.0	0.0	3.0	0.0	0.0	0.0
0234882ac9c5032c65f6ac92915399ac	0.0	0.0	0.0	0.0	0.0	0.0	0.0	0.0	0.0	2.0	0.0	0.0	0.0
bd933df2b59166f978331990ba851682	0.0	0.0	0.0	0.0	0.0	0.0	0.0	0.0	0.0	3.0	0.0	0.0	0.0
77430be813bd114e2424d62c4ff2009a	0.0	0.0	0.0	0.0	0.0	0.0	0.0	0.0	0.0	0.0	3.0	0.0	0.0
67953d1942cc091f3be6ba3a62f4923c	0.0	0.0	0.0	0.0	0.0	0.0	0.0	0.0	0.0	0.0	3.0	0.0	0.0
db5e6f9c21d42d77bfa530d955675bde	0.0	0.0	0.0	0.0	0.0	0.0	0.0	0.0	0.0	0.0	4.0	0.0	0.0
2c832ba14c5bd376f50ef322cf7867a0	0.0	0.0	0.0	0.0	0.0	0.0	0.0	0.0	0.0	0.0	4.0	0.0	0.0
475a87d23214ad9f3bba1e52c26ad1bc	0.0	0.0	0.0	0.0	0.0	0.0	0.0	0.0	0.0	0.0	3.0	0.0	0.0
86ef749fcc0a6c287d23f6f9d728f704	0.0	0.0	0.0	0.0	0.0	0.0	0.0	0.0	0.0	0.0	3.0	0.0	0.0
72a1e15a6fa25b07c4960df003150aad	0.0	0.0	0.0	0.0	0.0	0.0	0.0	0.0	0.0	0.0	0.0	4.0	0.0
d61f11144548d355e68694d42100dff6	0.0	0.0	0.0	0.0	0.0	0.0	0.0	0.0	0.0	0.0	0.0	3.0	0.0
291b8427b711678a801eff7669578174	0.0	0.0	0.0	0.0	0.0	0.0	0.0	0.0	0.0	0.0	0.0	4.0	0.0
dc1e8ac4ef7aff53f075766d8a499ee6	0.0	0.0	0.0	0.0	0.0	0.0	0.0	0.0	0.0	0.0	0.0	0.0	4.0
3ce80017ec28213b17ba06e8024ef1c5	0.0	0.0	0.0	0.0	0.0	0.0	0.0	0.0	0.0	0.0	0.0	0.0	4.0
b49fb3a7e2ea859f18c968b73b6cd93f	0.0	0.0	0.0	0.0	0.0	0.0	0.0	0.0	0.0	0.0	0.0	0.0	3.0
5e09f17135b0ecb478330af469408d10	0.0	0.0	0.0	0.0	0.0	0.0	0.0	0.0	0.0	0.0	0.0	0.0	4.0
28de0eef7f72111995acf13bad77b911	0.0	0.0	0.0	0.0	0.0	0.0	0.0	0.0	0.0	0.0	0.0	0.0	2.0
19688203057b61374692d58553e8fde8	0.0	2.0	0.0	0.0	0.0	0.0	0.0	0.0	0.0	0.0	0.0	0.0	0.0
db8e5a8abef2116648f1409a17250e35	0.0	0.0	1.0	0.0	0.0	0.0	0.0	0.0	0.0	0.0	0.0	0.0	0.0
66e9e329d0208b9fbc42ff1e6780604a	0.0	0.0	2.0	0.0	0.0	0.0	0.0	0.0	0.0	0.0	0.0	0.0	0.0
8e1fccf681447137cab447344d2db09f	0.0	0.0	2.0	0.0	0.0	0.0	0.0	0.0	0.0	0.0	0.0	0.0	0.0
8055e91bf545fb8651d5c9b0b1055daf	0.0	0.0	1.0	0.0	0.0	0.0	0.0	0.0	0.0	0.0	0.0	0.0	0.0
03e9368955e253f52496b836970de6e1	0.0	0.0	0.0	0.0	0.0	1.0	0.0	0.0	0.0	0.0	0.0	0.0	0.0
d30a1a9b39ebe75338ae4e6f65a0a24c	0.0	0.0	0.0	0.0	0.0	0.0	0.0	3.0	0.0	0.0	0.0	0.0	0.0
0983b7bdb1ea40602a8b23fb9b0ad707	0.0	0.0	0.0	0.0	0.0	0.0	0.0	2.0	0.0	0.0	0.0	0.0	0.0
472d2a1c9c5567886d8d55733ef6d2aa	0.0	0.0	0.0	0.0	0.0	0.0	0.0	2.0	0.0	0.0	0.0	0.0	0.0
a14337df98faabe3e70a9031c9a3465f	0.0	0.0	0.0	0.0	0.0	0.0	0.0	0.0	3.0	0.0	0.0	0.0	0.0
a70ba962855e37fc38754fbcccad878a	0.0	0.0	0.0	0.0	0.0	0.0	0.0	0.0	3.0	0.0	0.0	0.0	0.0
10f894e5eaa170e2ee2c899c1025467e	0.0	0.0	0.0	0.0	0.0	0.0	0.0	0.0	0.0	2.0	0.0	0.0	0.0
2334a16e7b50b4cff03f8b6afa911a98	0.0	0.0	0.0	0.0	0.0	0.0	0.0	0.0	0.0	3.0	0.0	0.0	0.0
657caf99411f962edc3f8bc3bfba2d15	0.0	0.0	0.0	0.0	0.0	0.0	0.0	0.0	0.0	3.0	0.0	0.0	0.0
8e3c7d333bc0699c07d3c98428d02cf1	0.0	0.0	0.0	0.0	0.0	0.0	0.0	0.0	0.0	2.0	0.0	0.0	0.0
dcc448b6f549f9ec4ea1490e9ea31f48	0.0	0.0	0.0	0.0	0.0	0.0	0.0	0.0	0.0	2.0	0.0	0.0	0.0
70e182154dc3266bc62f12f4f49d7d9a	0.0	0.0	0.0	0.0	0.0	0.0	0.0	0.0	0.0	1.0	0.0	0.0	0.0
d7bac40bfa91f4347f48ce3dd798449b	0.0	0.0	0.0	0.0	0.0	0.0	0.0	0.0	0.0	0.0	2.0	0.0	0.0
2d58831615d8f32ba9d8406c8faaf57c	0.0	0.0	0.0	0.0	0.0	0.0	0.0	0.0	0.0	0.0	1.0	0.0	0.0
f82f597df285757b88f76f915490ad45	0.0	0.0	0.0	0.0	0.0	0.0	0.0	0.0	0.0	0.0	0.0	3.0	0.0
f8690951007498040a153aece12052eb	0.0	0.0	0.0	0.0	0.0	0.0	0.0	0.0	0.0	0.0	0.0	3.0	0.0
face3d7400cadcb02d1dba3c50c93944	0.0	0.0	0.0	0.0	0.0	0.0	0.0	0.0	0.0	0.0	0.0	0.0	3.0
d8f32c7393f8eb788fe29b90ddb1059a	0.0	0.0	0.0	0.0	0.0	0.0	0.0	0.0	0.0	0.0	0.0	0.0	2.0
1fb0fb002bf3658d1975043277ffdbcf	0.0	0.0	0.0	0.0	0.0	0.0	0.0	0.0	0.0	0.0	0.0	0.0	3.0
585b20189f5ec6a798598003184cc23a	0.0	0.0	0.0	0.0	0.0	0.0	0.0	0.0	0.0	0.0	0.0	0.0	3.0
239f7384fdb00ce6126f61f48da7a88a	0.0	0.0	0.0	0.0	0.0	0.0	0.0	0.0	0.0	0.0	0.0	0.0	3.0
f69f01847cbd68f41ebbb69677e6f0f0	0.0	0.0	0.0	0.0	0.0	0.0	0.0	0.0	0.0	0.0	0.0	0.0	1.0
76603a413069364a5312922488b720e8	0.0	0.0	0.0	0.0	0.0	0.0	0.0	0.0	0.0	0.0	0.0	0.0	3.0
56844f32869f3c084e5fc7ee82b39ca1	0.0	0.0	0.0	0.0	0.0	0.0	0.0	0.0	0.0	0.0	0.0	0.0	3.0
5e45004bfafc296d436d0be2736a2544	0.0	0.0	1.0	0.0	0.0	0.0	0.0	0.0	0.0	0.0	0.0	0.0	0.0
91540c31c2fedc7e7c529140bd9acaf7	0.0	0.0	2.0	0.0	0.0	0.0	0.0	0.0	0.0	0.0	0.0	0.0	0.0
fabb68e3c44bde6f02b534fbdbff4bcf	0.0	0.0	0.0	0.0	0.0	0.0	0.0	2.0	0.0	0.0	0.0	0.0	0.0
ed809be1e86731edb460d1234313ba8e	0.0	0.0	0.0	0.0	0.0	0.0	0.0	2.0	0.0	0.0	0.0	0.0	0.0
9c98fe0d5526d0cade689f459a76fa79	0.0	0.0	0.0	0.0	0.0	0.0	0.0	2.0	0.0	0.0	0.0	0.0	0.0
3c02d20f146d20fbb898e5de8bab1161	0.0	0.0	0.0	0.0	0.0	0.0	0.0	2.0	0.0	0.0	0.0	0.0	0.0
a8c6e97bd188fb6071a880cbbd70e4aa	0.0	0.0	0.0	0.0	0.0	0.0	0.0	0.0	2.0	0.0	0.0	0.0	0.0
c5075c27a7a07c8d162ef6a89271b4c2	0.0	0.0	0.0	0.0	0.0	0.0	0.0	0.0	2.0	0.0	0.0	0.0	0.0
eb455b134ea01d7b60d148692de7bba4	0.0	0.0	0.0	0.0	0.0	0.0	0.0	0.0	2.0	0.0	0.0	0.0	0.0
33ff6c99100594e6e4928b50c5615dcd	0.0	0.0	0.0	0.0	0.0	0.0	0.0	0.0	2.0	0.0	0.0	0.0	0.0
798886b5029a48de4e8860065a465715	0.0	0.0	0.0	0.0	0.0	0.0	0.0	0.0	0.0	2.0	0.0	0.0	0.0
38babf8fd76b26850cca37db404e6546	0.0	0.0	0.0	0.0	0.0	0.0	0.0	0.0	0.0	2.0	0.0	0.0	0.0
0ef969831ffbed233481eab6943b3ca5	0.0	0.0	0.0	0.0	0.0	0.0	0.0	0.0	0.0	1.0	0.0	0.0	0.0
ac9f586d6f8449bea93ca0ba45c61274	0.0	0.0	0.0	0.0	0.0	0.0	0.0	0.0	0.0	1.0	0.0	0.0	0.0
549a9f4fa1594e79fd6ffd180c29b39e	0.0	0.0	0.0	0.0	0.0	0.0	0.0	0.0	0.0	1.0	0.0	0.0	0.0
6f6a40fbf81d5a5c77875c3c58916a8a	0.0	0.0	0.0	0.0	0.0	0.0	0.0	0.0	0.0	0.0	1.0	0.0	0.0
23dcb52cc9430cc87b925a6698093cd5	0.0	0.0	0.0	0.0	0.0	0.0	0.0	0.0	0.0	0.0	2.0	0.0	0.0
09af2cc87e5a34c3267e26ce379abd0a	0.0	0.0	0.0	0.0	0.0	0.0	0.0	0.0	0.0	0.0	1.0	0.0	0.0
596761910c2b7f17d47d27620de92032	0.0	0.0	0.0	0.0	0.0	0.0	0.0	0.0	0.0	0.0	1.0	0.0	0.0
b96483d62482a5e9f08689dbb4f18323	0.0	0.0	0.0	0.0	0.0	0.0	0.0	0.0	0.0	0.0	1.0	0.0	0.0
82dcd96f9087a169913a87880c6b0b10	0.0	0.0	0.0	0.0	0.0	0.0	0.0	0.0	0.0	0.0	2.0	0.0	0.0
927eab9426203a418e1c347ac0408423	0.0	0.0	0.0	0.0	0.0	0.0	0.0	0.0	0.0	0.0	1.0	0.0	0.0
6e9fe81dbf58b7066bf401436d441030	0.0	0.0	0.0	0.0	0.0	0.0	0.0	0.0	0.0	0.0	1.0	0.0	0.0
8f5263218e3ae657377f872ade5bc431	0.0	0.0	0.0	0.0	0.0	0.0	0.0	0.0	0.0	0.0	0.0	2.0	0.0
b960f1d9408da5eb3b38da973a98689e	0.0	0.0	0.0	0.0	0.0	0.0	0.0	0.0	0.0	0.0	0.0	2.0	0.0
883d1397c7f65560e960ba61b499cb2d	0.0	0.0	0.0	0.0	0.0	0.0	0.0	0.0	0.0	0.0	0.0	2.0	0.0
54387615214bef106043fb8562ed1687	0.0	0.0	0.0	0.0	0.0	0.0	0.0	0.0	0.0	0.0	0.0	1.0	0.0
a067825685d4b8590cb6b3de0723f327	0.0	0.0	0.0	0.0	0.0	0.0	0.0	0.0	0.0	0.0	0.0	1.0	0.0
d97cb57d4e69ab09dbbd12c836c45ab4	0.0	0.0	0.0	0.0	0.0	0.0	0.0	0.0	0.0	0.0	0.0	1.0	0.0
638331b6f25aa7e9b26392fb55882860	0.0	0.0	0.0	0.0	0.0	0.0	0.0	0.0	0.0	0.0	0.0	0.0	2.0
305f65998548ca70504f976ca8d9bce6	0.0	0.0	0.0	0.0	0.0	0.0	0.0	0.0	0.0	0.0	0.0	0.0	2.0
2a36eff30d1e2f891f58b8bb2d345a6a	0.0	0.0	0.0	0.0	0.0	0.0	0.0	0.0	0.0	0.0	0.0	0.0	1.0
70373bf7a89b8626eee7962e70634b2c	0.0	0.0	0.0	0.0	0.0	0.0	0.0	0.0	0.0	0.0	0.0	0.0	1.0
c60fe59afbe60f69375bb78968bb8560	0.0	1.0	0.0	0.0	0.0	0.0	0.0	0.0	0.0	0.0	0.0	0.0	0.0
d197e59290b3904ca27a294a57abd1e5	0.0	0.0	1.0	0.0	0.0	0.0	0.0	0.0	0.0	0.0	0.0	0.0	0.0
859496cd0214924bedf5781d403d17af	0.0	0.0	1.0	0.0	0.0	0.0	0.0	0.0	0.0	0.0	0.0	0.0	0.0
e1f0d551212bfcf96fcbeb5f8a68e0ea	0.0	0.0	1.0	0.0	0.0	0.0	0.0	0.0	0.0	0.0	0.0	0.0	0.0
b35858acd547199d2f52d5071683415d	0.0	0.0	1.0	0.0	0.0	0.0	0.0	0.0	0.0	0.0	0.0	0.0	0.0
8c898682ac332395e6b21cc5e243f7d3	0.0	0.0	1.0	0.0	0.0	0.0	0.0	0.0	0.0	0.0	0.0	0.0	0.0
6daed931144f34df87781bae90d09233	0.0	0.0	1.0	0.0	0.0	0.0	0.0	0.0	0.0	0.0	0.0	0.0	0.0
c8ec44b41b56ab600455e73eca68f58b	0.0	0.0	0.0	0.0	1.0	0.0	0.0	0.0	0.0	0.0	0.0	0.0	0.0
b1a562ef2b04b076d9d06b003e27832e	0.0	0.0	0.0	0.0	0.0	1.0	0.0	0.0	0.0	0.0	0.0	0.0	0.0
fdab0335e4d5b353fb1aca2cedfd5c1b	0.0	0.0	0.0	0.0	0.0	0.0	0.0	1.0	0.0	0.0	0.0	0.0	0.0
e63007e621ddce82ad81d4df138b6bd5	0.0	0.0	0.0	0.0	0.0	0.0	0.0	1.0	0.0	0.0	0.0	0.0	0.0
bc3d2388075c6cfe2580eadde1485d0b	0.0	0.0	0.0	0.0	0.0	0.0	0.0	1.0	0.0	0.0	0.0	0.0	0.0
a2cd376dff82c43d41e19d9e5f4f2fed	0.0	0.0	0.0	0.0	0.0	0.0	0.0	1.0	0.0	0.0	0.0	0.0	0.0
eee1aa44de9983b7e6d2e72f7c806692	0.0	0.0	0.0	0.0	0.0	0.0	0.0	1.0	0.0	0.0	0.0	0.0	0.0
ad69081b7acc73c7b775f6e501a60eaa	0.0	0.0	0.0	0.0	0.0	0.0	0.0	1.0	0.0	0.0	0.0	0.0	0.0
c57684d5029728fb3311a126e65b9d4d	0.0	0.0	0.0	0.0	0.0	0.0	0.0	1.0	0.0	0.0	0.0	0.0	0.0
6318a3bbf0a0ccfdde67aa7aacd2f2b2	0.0	0.0	0.0	0.0	0.0	0.0	0.0	1.0	0.0	0.0	0.0	0.0	0.0
45e25cd20327f05ed75d969bad39c11d	0.0	0.0	0.0	0.0	0.0	0.0	0.0	0.0	1.0	0.0	0.0	0.0	0.0
5c904cbd3d7ce4edd18fbb078ab308fd	0.0	0.0	0.0	0.0	0.0	0.0	0.0	0.0	1.0	0.0	0.0	0.0	0.0
a1fef7c1ca693bd3c08680d3fbca5031	0.0	0.0	0.0	0.0	0.0	0.0	0.0	0.0	1.0	0.0	0.0	0.0	0.0
29677dfb0209bd41dc5216ec39c12952	0.0	0.0	0.0	0.0	0.0	0.0	0.0	0.0	1.0	0.0	0.0	0.0	0.0
897e473da07125229807a29248503ef1	0.0	0.0	0.0	0.0	0.0	0.0	0.0	0.0	1.0	0.0	0.0	0.0	0.0
08ec9fdf922dafb26aeb2101ef81bb77	0.0	0.0	0.0	0.0	0.0	0.0	0.0	0.0	0.0	1.0	0.0	0.0	0.0
77dde7333ac5da3ea63a58f497d14b5e	0.0	0.0	0.0	0.0	0.0	0.0	0.0	0.0	0.0	0.0	1.0	0.0	0.0
d3c944a6a3a3b4c3816cafc6dfc2bad3	0.0	0.0	0.0	0.0	0.0	0.0	0.0	0.0	0.0	0.0	1.0	0.0	0.0
f3e3560bb3e23d10e42aaaca72fb47de	0.0	0.0	0.0	0.0	0.0	0.0	0.0	0.0	0.0	0.0	1.0	0.0	0.0
6ad01712e5cddf52dcf8253f7cf4ee3b	0.0	0.0	0.0	0.0	0.0	0.0	0.0	0.0	0.0	0.0	1.0	0.0	0.0
b4a9d75358fc2e202d86756f77d6eab4	0.0	0.0	0.0	0.0	0.0	0.0	0.0	0.0	0.0	0.0	1.0	0.0	0.0
7991b4a475ce7a23c9b9f2f9e914b189	0.0	0.0	0.0	0.0	0.0	0.0	0.0	0.0	0.0	0.0	1.0	0.0	0.0
24a3a5a38912e15938549d996d3c6b8d	0.0	0.0	0.0	0.0	0.0	0.0	0.0	0.0	0.0	0.0	1.0	0.0	0.0
c4bef9bbf711c6610df37dd8c05b5bb7	0.0	0.0	0.0	0.0	0.0	0.0	0.0	0.0	0.0	0.0	1.0	0.0	0.0
7c492a524144cdfbb991463446230df5	0.0	0.0	0.0	0.0	0.0	0.0	0.0	0.0	0.0	0.0	0.0	1.0	0.0
5c589f05e681cfe39700d2b926b2fb5b	0.0	0.0	0.0	0.0	0.0	0.0	0.0	0.0	0.0	0.0	0.0	1.0	0.0
a39135836acb33f638cbf7a6ae521c3c	0.0	0.0	0.0	0.0	0.0	0.0	0.0	0.0	0.0	0.0	0.0	1.0	0.0
a361382f9948a41adf8fad01cbe33609	0.0	0.0	0.0	0.0	0.0	0.0	0.0	0.0	0.0	0.0	0.0	1.0	0.0
8a62480c269acd54e3effc1048635de9	0.0	0.0	0.0	0.0	0.0	0.0	0.0	0.0	0.0	0.0	0.0	1.0	0.0
a760b3c21372c50955f48c65970513d5	0.0	0.0	0.0	0.0	0.0	0.0	0.0	0.0	0.0	0.0	0.0	1.0	0.0
4ee0ae8ecebfd81e9f40be9147c25a9b	0.0	0.0	0.0	0.0	0.0	0.0	0.0	0.0	0.0	0.0	0.0	1.0	0.0
6c385cd60b1669eaa6bc31a326ed7654	0.0	0.0	0.0	0.0	0.0	0.0	0.0	0.0	0.0	0.0	0.0	0.0	1.0
fffeda0e2a39f42cc658fa789f22356c	0.0	0.0	0.0	0.0	0.0	0.0	0.0	0.0	0.0	0.0	0.0	0.0	1.0
69967bfb5eec1a938f3a6f39dfbf8ab7	0.0	0.0	0.0	0.0	0.0	0.0	0.0	0.0	0.0	0.0	0.0	0.0	1.0
46026a213cee6ace0d81fd53e4bf241f	0.0	0.0	0.0	0.0	0.0	0.0	0.0	0.0	0.0	0.0	0.0	0.0	1.0
bc173808ab9e32acc08b374a87757e10	0.0	0.0	0.0	0.0	0.0	0.0	0.0	0.0	0.0	0.0	0.0	0.0	1.0
6cd7f5eef0108bc5bc2932569d0c0257	0.0	0.0	0.0	0.0	0.0	0.0	0.0	0.0	0.0	0.0	0.0	0.0	1.0
fff709f3b863fcce658e3b7efe3b695e	0.0	0.0	0.0	0.0	0.0	0.0	0.0	0.0	0.0	0.0	0.0	0.0	1.0
4f0ea7ced7ab5d4f9e4766808364598f	0.0	0.0	0.0	0.0	0.0	0.0	0.0	0.0	0.0	0.0	0.0	0.0	1.0
5e403328cf847c0fe9437ee341e322cf	0.0	0.0	0.0	0.0	0.0	0.0	0.0	0.0	0.0	0.0	0.0	0.0	1.0